id,Job Title,Extracted Skills
0,Flutter Developer,"amazon web services, flutter, power bi, powershell, r, web3, webpack, websocket"
1,Django Developer,"ai, api, communication, django, dl, flask, go, json, linux, lua, python, r, rest, sql, unit testing"
2,Machine Learning,"ai, amazon web services, communication, data analysis, data engineering, deep learning, design patterns, go, java, keras, machine learning, power bi, powershell, python, pytorch, r, solid, spark, statistics, system design, tensorflow, web3, webpack, websocket"
3,iOS Developer,"ai, api, apis, architecture, ios, lua, networking, neural networks, objective-c, r, solid, teamwork"
4,Full Stack Developer,"agile, ai, analytical, angular, ansible, api, apis, architecture, circleci, clean code, communication, css, deep learning, dl, git, go, google cloud, html, http, java, javascript, leadership, less, machine learning, ml, networking, oracle, problem solving, r, react, rest, restful, salesforce, sass, scala, scikit-learn, selenium, sklearn, tableau, vue"
5,Java Developer,".net, ai, amazon web services, analytical, apache, apache spark, architecture, artificial intelligence, automation testing, bitbucket, blockchain, c#, c++, cassandra, chai, chef, ci/cd, circleci, clean code, communication, computer vision, confluence, couchdb, crm, css, cybersecurity, cypress, design patterns, dl, docker, elasticsearch, erp, gcp, git, github, github actions, gitlab, gitlab ci, go, google cloud, grpc, html, huggingface, integration testing, ionic, javascript, junit, lua, machine learning, mercurial, microservices, ml, mocha, mysql, natural language processing, networking, neural networks, objective-c, opencv, oracle, problem solving, pytorch, r, react, react native, react.js, reactjs, rest, restful, salesforce, scala, scikit-learn, scipy, scrum, security, sketch, soap, solidity, spacy, sql, sqlite, statistics, tcp/ip, teamwork, typescript, unit testing, vite, webpack, websocket"
6,Full Stack Developer,"agile, ai, angular, api, apis, architecture, dl, elasticsearch, erp, go, html, http, java, javascript, ml, mongodb, nodejs, nosql, r, react, redis, sql, system design"
7,JavaScript Developer,"azure, communication, css, graphql, html, java, javascript, ml, natural language processing, nodejs, r, react, reactjs, rest, solid, swiftui"
8,DevOps Engineer,"ai, apache, api, architecture, bash, bitbucket, chef, clean code, cybersecurity, devops, dl, git, github, github actions, gitlab, gitlab ci, go, hadoop, http, java, junit, linux, networking, oop, php, puppet, python, r, ruby, scala, scikit-learn, security, solid, solidity, sqlite, tcp/ip, unit testing, vite"
9,Software Engineer,"ai, amazon web services, analytical, api, automation testing, c++, communication, dl, erp, git, go, google cloud, http, https, jenkins, linux, power bi, powershell, problem solving, python, r, redis, rest, rest api, teamwork, unix, web3, webpack, websocket"
10,Database Administrator,"ai, angular, angularjs, architecture, automation testing, azure, bitbucket, communication, computer vision, confluence, couchdb, cybersecurity, data visualization, data warehouse, erp, ethereum, flutter, github, github actions, go, google cloud, huggingface, illustrator, jquery, junit, kubernetes, linux, lua, mercurial, natural language processing, neural networks, numpy, nuxt, oauth, oracle, puppet, r, restful, ruby, ruby on rails, rust, scrum, security, selenium, sql, swiftui, tableau, uml, unit testing, unix, vue, vue.js, vuejs"
11,Machine Learning,"ai, amazon web services, aws, computer vision, deep learning, deeplearning, google cloud, keras, machine learning, ml, natural language processing, neural networks, numpy, opencv, python, pytorch, r, rest, scikit-learn, tensorflow"
12,Machine Learning,"ai, amazon web services, architecture, bitbucket, c++, communication, cybersecurity, data analysis, data engineering, data pipeline, data visualization, data warehouse, dl, git, github, github actions, gitlab, gitlab ci, go, java, junit, lua, machine learning, matlab, ml, perl, power bi, powershell, python, r, rest, scala, scikit-learn, security, solidity, sqlite, statistics, unit testing, vite, web3, webpack, websocket"
13,Software Engineer,"agile, ai, amazon web services, angular, architecture, automation testing, bootstrap, ci/cd, communication, css, cybersecurity, data analysis, data engineering, data pipeline, data visualization, data warehouse, design patterns, dl, erp, express, git, github actions, go, html, illustrator, integration testing, java, javascript, jenkins, jquery, machine learning, ml, natural language processing, networking, neural networks, objective-c, power bi, powershell, r, react, react native, react.js, reactjs, rest, restful, rust, scala, security, selenium, system design, teamwork, unit testing, web3, webpack, websocket"
14,Software Engineer,".net, agile, ai, airflow, amazon web services, analytical, android, ansible, api, apis, architecture, artificial intelligence, automation testing, aws, azure, bitbucket, blockchain, chai, ci/cd, circleci, communication, computer vision, css, cybersecurity, data analysis, data engineering, data pipeline, data visualization, deep learning, design patterns, dl, elasticsearch, fastapi, figma, firebase, git, github, github actions, gitlab, gitlab ci, go, google cloud, hive, html, huggingface, illustrator, integration testing, ionic, ios, java, javascript, jenkins, jira, junit, kotlin, leadership, linux, machine learning, mariadb, matplotlib, mercurial, microservices, ml, natural language processing, networking, nginx, objective-c, power bi, problem solving, r, rails, react native, redis, rest api, ruby on rails, salesforce, scikit-learn, scipy, security, selenium, sharepoint, solid, solidity, spring, spring boot, sqlite, statistics, swift, swiftui, system design, tailwind, tcp/ip, typescript, unit testing, unix, vite, xamarin, xml"
15,Java Developer,"agile, ai, airflow, amazon web services, analytical, android, angular, ansible, api, apis, architecture, artificial intelligence, automation testing, bitbucket, blockchain, c++, chai, ci/cd, circleci, communication, computer vision, css, cybersecurity, data analysis, data engineering, data pipeline, data visualization, deep learning, design patterns, elasticsearch, fastapi, figma, firebase, git, github, github actions, gitlab, gitlab ci, hive, html, http, huggingface, illustrator, integration testing, ionic, ios, java, javascript, jenkins, jest, jira, junit, kotlin, leadership, linux, machine learning, mariadb, matplotlib, mercurial, microservices, ml, mocha, natural language processing, networking, neural networks, nginx, node.js, nodejs, objective-c, power bi, powershell, problem solving, r, rails, react, react native, redis, rest, rest api, ruby on rails, scikit-learn, scipy, security, selenium, sharepoint, solid, solidity, spring, spring boot, sqlite, statistics, svn, swift, swiftui, system design, tailwind, tcp/ip, teamwork, typescript, unit testing, unix, vite, vue, web3, webpack, websocket, xamarin"
16,Wordpress Developer,"adobe xd, babel, bert, bootstrap, communication, crm, cybersecurity, data analysis, data engineering, data pipeline, data visualization, data warehouse, dl, erp, go, html, java, javascript, jquery, kubernetes, mercurial, ml, mysql, php, r, security, sql, transformers"
17,iOS Developer,"adobe xd, babel, bert, communication, cybersecurity, go, ionic, ios, kubernetes, r"
18,Database Administrator,"ai, api, architecture, azure, communication, cypress, data warehouse, dl, erp, ethereum, express, expressjs, firebase, leadership, lua, networking, neural networks, oracle, postgres, postgresql, r, react, react native, react.js, reactjs, redis, rest, rest api, restful, security, sharepoint, solid, sql, sql server, teamwork, trello"
20,DevOps Engineer,"ai, amazon web services, ansible, architecture, artificial intelligence, automation testing, aws, bash, bitbucket, chef, ci/cd, circleci, clean code, cybersecurity, data engineering, design patterns, devops, dl, dynamodb, elasticsearch, gcp, git, github, github actions, gitlab, gitlab ci, go, integration testing, java, jenkins, junit, kafka, kubernetes, linux, microservices, mongodb, nosql, postgres, postgresql, power bi, powershell, puppet, python, qa, r, scala, scikit-learn, scipy, security, shell, solidity, sql, sqlite, system design, terraform, unit testing, vite, web3, webpack, websocket"
21,Database Administrator,".net, ai, amazon web services, asana, asp.net, cassandra, communication, data warehouse, erp, linux, lua, microservices, networking, next.js, node.js, oracle, problem solving, r, react.js, scala, security, sql, sql server, vue.js"
22,Wordpress Developer,"ai, architecture, communication, css, git, go, html, java, javascript, jquery, mercurial, ml, r, svn"
23,JavaScript Developer,"agile, ai, amazon web services, analytical, api, apis, communication, dl, docker, erp, flask, git, go, integration testing, java, javascript, junit, leadership, less, linux, microservices, ml, postgres, postgresql, power bi, powershell, problem solving, python, r, scrum, sql, swiftui, system design, teamwork, unit testing, web3, webpack, websocket"
24,Database Administrator,".net, adobe xd, agile, ai, amazon web services, ansible, apache, apache spark, api, architecture, artificial intelligence, asp.net, automation testing, azure, babel, bert, bitbucket, chef, circleci, clean code, communication, computer vision, confluence, cybersecurity, cypress, data engineering, data pipeline, data warehouse, deep learning, design patterns, devops, dl, docker, elasticsearch, erp, ethereum, etl, express, expressjs, firebase, flutter, go, google cloud, hive, http, huggingface, integration testing, jenkins, jest, jquery, keras, kubernetes, laravel, leadership, less, lua, machine learning, mercurial, microservices, natural language processing, neo4j, networking, neural networks, next.js, nextjs, node.js, nodejs, objective-c, opencv, oracle, perl, postgres, postgresql, power bi, powershell, problem solving, puppet, pytest, r, react, react native, react.js, reactjs, redis, rest, rest api, restful, salesforce, scikit-learn, seaborn, security, selenium, sharepoint, shell, sketch, sklearn, sql, sql server, sqlite, svelte, system design, tableau, teamwork, tensorflow, terraform, transformers, trello, typescript, unit testing, vite, vue, vue.js, vuejs, web3, webpack, websocket"
25,PHP Developer,"amazon web services, communication, css, erp, go, html, jquery, ml, php, power bi, powershell, python, r, web3, webpack, websocket"
26,iOS Developer,"agile, ai, api, apis, dl, git, go, ios, mercurial, objective-c, r, rest, restful, svn, swift"
27,Java Developer,"ai, amazon web services, artificial intelligence, aws, babel, chai, communication, css, data pipeline, data visualization, deep learning, dl, express, git, github, graphql, html, integration testing, java, javascript, jest, kotlin, linux, machine learning, matplotlib, ml, mocha, node.js, oop, power bi, powershell, r, react, rest, selenium, solid, solidity, sqlite, swiftui, typescript, vue, vue.js, web3, webpack, websocket"
28,Django Developer,"git, python, r"
29,DevOps Engineer,"ai, amazon web services, analytical, api, automation testing, aws, communication, devops, dl, go, integration testing, ios, less, linux, ml, power bi, powershell, pytest, r, scala, security, solid, unit testing, web3, webpack, websocket"
30,JavaScript Developer,"agile, ai, airflow, amazon web services, analytical, android, ansible, api, apis, architecture, artificial intelligence, automation testing, aws, bitbucket, blockchain, bootstrap, chai, ci/cd, circleci, communication, computer vision, css, cybersecurity, data analysis, data engineering, data pipeline, data visualization, deep learning, design patterns, devops, elasticsearch, express, fastapi, figma, firebase, git, github, github actions, gitlab, gitlab ci, go, hive, html, huggingface, illustrator, integration testing, ionic, ios, java, javascript, jenkins, jira, jquery, junit, kotlin, leadership, linux, machine learning, mariadb, matplotlib, mercurial, microservices, ml, mongodb, natural language processing, networking, neural networks, nextjs, nginx, nodejs, nosql, oauth, objective-c, postgres, postgresql, power bi, powershell, problem solving, r, rails, react native, redis, rest, rest api, ruby on rails, scikit-learn, scipy, security, selenium, sharepoint, solid, solidity, spring, spring boot, sql, sqlite, statistics, swift, swiftui, system design, tailwind, tcp/ip, teamwork, typescript, unit testing, unix, vite, web3, webpack, websocket, xamarin"
31,Machine Learning,"ai, amazon web services, api, apis, architecture, artificial intelligence, aws, ci/cd, circleci, data engineering, data pipeline, data warehouse, dl, erp, express, fastapi, gcp, git, gitlab ci, go, http, https, illustrator, java, lua, machine learning, microservices, natural language processing, power bi, powershell, problem solving, python, r, rest, rest api, rust, scala, scikit-learn, scipy, spark, sql, web3, webpack, websocket"
32,PHP Developer,"css, html, integration testing, java, javascript, ml, php, r"
33,PHP Developer,"ajax, angularjs, bootstrap, css, design patterns, expressjs, html, jquery, json, laravel, ml, mysql, next.js, nextjs, node.js, nodejs, php, python, r, react.js, reactjs, sql, vue.js, vuejs"
34,Machine Learning,"ai, amazon web services, architecture, artificial intelligence, aws, data warehouse, erp, google cloud, illustrator, machine learning, microservices, power bi, powershell, pytorch, r, rust, scikit-learn, spark, web3, webpack, websocket"
35,Backend Developer,"ai, ajax, amazon web services, api, apis, artificial intelligence, automation testing, azure, ci/cd, circleci, communication, couchdb, data warehouse, design patterns, dl, docker, dynamodb, erp, git, gitlab ci, go, google cloud, illustrator, java, jenkins, json, junit, mariadb, microservices, mongodb, node.js, nosql, power bi, powershell, r, rest, rest api, rust, scikit-learn, scipy, security, solid, spring, spring boot, sql, unit testing, vagrant, web3, webpack, websocket"
36,DevOps Engineer,"agile, ai, ansible, architecture, artificial intelligence, ci/cd, circleci, devops, docker, git, gitlab ci, ios, jenkins, jira, kubernetes, linux, networking, nginx, python, r, scikit-learn, scipy, shell"
37,Network Administrator,"ai, communication, data analysis, dl, erp, go, networking, neural networks, problem solving, r, security, teamwork"
38,Wordpress Developer,"ai, amazon web services, css, data analysis, data engineering, data pipeline, data visualization, data warehouse, go, html, ml, php, power bi, powershell, r, react, reactjs, web3, webpack, websocket"
39,Network Administrator,"ai, amazon web services, dl, networking, neural networks, power bi, powershell, problem solving, r, security, teamwork, web3, webpack, websocket"
40,PHP Developer,"ai, amazon web services, api, apis, aws, css, data analysis, data engineering, data pipeline, data visualization, data warehouse, design patterns, devops, dl, git, html, java, javascript, ml, mysql, nosql, objective-c, php, power bi, powershell, qa, r, redis, rest, restful, scala, scikit-learn, security, sql, web3, webpack, websocket"
41,Software Engineer,"agile, ai, amazon web services, automation testing, communication, data engineering, deep learning, dl, docker, erp, express, go, integration testing, java, junit, kanban, kubernetes, leadership, less, linux, microservices, ml, natural language processing, networking, neural networks, perl, python, r, rest, security, selenium, shell, soap, spring, tcp/ip, unit testing, xml"
42,Software Engineer,"agile, ai, amazon web services, angular, api, architecture, bitbucket, communication, cybersecurity, data warehouse, django, flask, git, github, github actions, gitlab, gitlab ci, go, illustrator, junit, microservices, nosql, oop, postgres, postgresql, power bi, powershell, python, r, rest, rest api, restful, rust, scikit-learn, security, solidity, sql, sqlite, terraform, transformers, unit testing, vite, web3, webpack, websocket"
43,Java Developer,"agile, ai, amazon web services, automation testing, data analysis, design patterns, dl, erp, go, integration testing, java, oop, oracle, power bi, powershell, r, scala, spring, sql, system design, unit testing, web3, webpack, websocket"
44,Wordpress Developer,"ajax, amazon web services, bootstrap, css, dl, go, html, java, javascript, jquery, microservices, ml, r, swiftui"
45,Node js developer,"angular, api, apis, architecture, clean code, css, express, go, graphql, html, java, javascript, jquery, linux, microservices, ml, mongodb, nosql, r, rest, restful, scala, sql"
46,Flutter Developer,"amazon web services, api, apis, css, design patterns, dl, flutter, go, html, java, javascript, mercurial, microservices, ml, objective-c, php, power bi, powershell, r, react, react native, rest, rest api, scikit-learn, swiftui, system design, transformers, web3, webpack, websocket"
47,Machine Learning,"ai, amazon web services, analytical, api, architecture, artificial intelligence, data analysis, data engineering, data pipeline, data visualization, data warehouse, design patterns, erp, go, illustrator, keras, less, machine learning, ml, power bi, powershell, python, pytorch, r, rest, rest api, rust, scikit-learn, statistics, web3, webpack, websocket"
48,DevOps Engineer,"agile, ai, ansible, artificial intelligence, aws, azure, cassandra, chef, ci/cd, circleci, docker, gcp, git, gitlab ci, go, ios, jenkins, kubernetes, linux, mongodb, nosql, puppet, r, scikit-learn, scipy, shell, sql, unix"
49,iOS Developer,"amazon web services, api, apis, architecture, design patterns, ios, lua, networking, neural networks, objective-c, power bi, powershell, r, solid, system design, teamwork, web3, webpack, websocket"
50,Software Engineer,"agile, ai, automation testing, aws, clean code, communication, go, integration testing, ios, lua, problem solving, pytest, r, unit testing"
51,Flutter Developer,"communication, express, expressjs, oop, r"
52,DevOps Engineer,"agile, ai, analytical, ansible, architecture, artificial intelligence, aws, bitbucket, bootstrap, cassandra, chef, ci/cd, circleci, communication, cybersecurity, devops, docker, erp, git, github, github actions, gitlab, gitlab ci, google cloud, hive, ios, java, jenkins, junit, kafka, kotlin, kubernetes, machine learning, matplotlib, microservices, nodejs, photoshop, plotly, problem solving, puppet, r, scala, scikit-learn, scipy, scrum, security, solidity, spark, spring boot, sqlite, terraform, unit testing, vite"
53,Java Developer,"agile, ai, angular, ansible, api, artificial intelligence, automation testing, aws, chef, ci/cd, circleci, data analysis, design patterns, docker, erp, gitlab ci, go, integration testing, java, javascript, jenkins, natural language processing, networking, neural networks, oracle, puppet, r, react, rest, rust, scikit-learn, scipy, selenium, soap, solid, spring, spring boot, sql, system design, teamwork, unit testing, vagrant"
54,Node js developer,"ai, android, api, architecture, dl, ios, leadership, networking, neural networks, r, rest, rest api, sql, sqlite, swift, teamwork"
55,PHP Developer,"ai, ajax, api, css, dl, git, go, html, java, javascript, jquery, laravel, ml, mysql, nosql, oop, php, python, r, rest, rest api, sql"
56,PHP Developer,"laravel, php, r"
57,DevOps Engineer,"agile, ai, amazon web services, ansible, apache, apache spark, api, architecture, artificial intelligence, aws, chef, ci/cd, circleci, communication, data engineering, data warehouse, devops, docker, erp, ethereum, gitlab ci, go, html, illustrator, jenkins, kubernetes, linux, microservices, mongodb, natural language processing, networking, power bi, powershell, puppet, python, r, redis, rest, rust, scala, scikit-learn, scipy, security, shell, terraform, web3, webpack, websocket"
58,Wordpress Developer,"ai, amazon web services, api, apis, architecture, bitbucket, css, cybersecurity, design patterns, git, github, github actions, gitlab, gitlab ci, go, html, java, javascript, jquery, json, junit, mercurial, ml, php, power bi, powershell, r, rest, restful, scikit-learn, security, solidity, sqlite, svn, system design, unit testing, vite, web3, webpack, websocket, xml"
59,DevOps Engineer,"ai, amazon web services, artificial intelligence, aws, azure, bash, ci/cd, circleci, communication, devops, gcp, git, gitlab ci, jenkins, linux, power bi, powershell, python, r, rust, salesforce, scikit-learn, scipy, security, shell, terraform, unix, web3, webpack, websocket"
60,Wordpress Developer,"ai, amazon web services, architecture, communication, css, dl, git, go, html, java, javascript, jquery, mercurial, ml, power bi, powershell, r, security, svn, web3, webpack, websocket"
61,Machine Learning,"ai, amazon web services, analytical, architecture, aws, bitbucket, chai, cybersecurity, data analysis, data engineering, data pipeline, data visualization, data warehouse, erp, git, github, github actions, gitlab, gitlab ci, go, hadoop, junit, machine learning, microservices, ml, nosql, oop, power bi, powershell, problem solving, python, r, rest, sass, scikit-learn, security, solid, solidity, sql, sqlite, statistics, unit testing, vite, web3, webpack, websocket"
62,JavaScript Developer,"ai, android, angular, angularjs, api, apis, expressjs, git, ios, java, javascript, jquery, json, next.js, nextjs, node.js, nodejs, r, react.js, reactjs, vue.js, vuejs"
63,DevOps Engineer,"ai, amazon web services, apache, architecture, artificial intelligence, automation testing, aws, ci/cd, circleci, communication, devops, django, dl, gitlab ci, go, google cloud, java, leadership, linux, perl, power bi, powershell, python, qa, r, rails, ruby, ruby on rails, scikit-learn, scipy, web3, webpack, websocket"
64,JavaScript Developer,"agile, ai, amazon web services, analytical, architecture, automation testing, bitbucket, communication, crm, css, cybersecurity, data analysis, data engineering, data pipeline, data visualization, data warehouse, design patterns, dl, erp, git, github, github actions, gitlab, gitlab ci, go, html, http, https, illustrator, integration testing, java, javascript, junit, less, ml, networking, power bi, powershell, problem solving, r, rust, salesforce, scikit-learn, security, solid, solidity, sqlite, system design, unit testing, vite, web3, webpack, websocket, xml"
65,iOS Developer,"amazon web services, api, apis, architecture, clean code, design patterns, go, ios, lua, networking, neural networks, objective-c, power bi, powershell, r, solid, swift, system design, teamwork, web3, webpack, websocket"
66,Flutter Developer,"agile, ai, android, api, apis, firebase, flutter, git, github, go, ios, java, javascript, r, sql"
67,Node js developer,"angular, api, git, go, java, javascript, networking, neural networks, node.js, r, teamwork"
68,JavaScript Developer,"ai, amazon web services, angular, angularjs, api, architecture, bitbucket, bootstrap, clean code, communication, css, cybersecurity, data warehouse, dl, erp, git, github, github actions, gitlab, gitlab ci, html, illustrator, java, javascript, junit, leadership, microservices, ml, networking, neural networks, objective-c, power bi, powershell, problem solving, r, rest, restful, rust, scikit-learn, security, solid, solidity, sqlite, teamwork, unit testing, vite, web3, webpack, websocket"
69,PHP Developer,"amazon web services, html, java, javascript, jquery, ml, mysql, php, r, sql, web3, webpack, websocket"
70,Database Administrator,"ai, analytical, apache, apache spark, aws, azure, chef, communication, erp, ethereum, etl, go, lua, networking, oop, powershell, problem solving, r, security, shell, solid, sql, sql server"
71,Flutter Developer,"amazon web services, analytical, android, api, communication, flutter, go, problem solving, r, rest, restful"
72,Django Developer,"ai, amazon web services, analytical, apache, apache spark, architecture, artificial intelligence, bitbucket, blockchain, c#, c++, cassandra, chai, chef, ci/cd, circleci, clean code, communication, computer vision, confluence, couchdb, crm, css, cybersecurity, cypress, django, docker, elasticsearch, gcp, github actions, gitlab ci, go, google cloud, grpc, http, https, huggingface, ionic, javascript, leadership, machine learning, mercurial, microservices, mocha, mysql, natural language processing, objective-c, opencv, oracle, powershell, python, pytorch, r, react, react native, react.js, reactjs, salesforce, scala, scikit-learn, scipy, scrum, security, sketch, spacy, sql, statistics, tcp/ip, transformers, typescript, webpack, websocket"
73,Full Stack Developer,"analytical, angular, architecture, communication, erp, go, html, http, java, javascript, ml, qa, r, security, spring, typescript"
74,Flutter Developer,"ai, analytical, android, api, apis, architecture, flutter, ionic, java, linux, r, swift, swiftui, unix"
75,DevOps Engineer,"agile, ai, amazon web services, ansible, apache, api, apis, automation testing, aws, bash, cassandra, chai, chef, communication, data engineering, data warehouse, devops, docker, elasticsearch, git, go, illustrator, integration testing, ios, linux, mysql, nginx, objective-c, postgres, postgresql, power bi, powershell, puppet, python, r, ruby, rust, scala, scikit-learn, security, solid, sql, swift, terraform, vagrant, web3, webpack, websocket"
76,DevOps Engineer,"agile, ai, amazon web services, ansible, apache, api, apis, architecture, aws, ci/cd, circleci, clean code, crm, data engineering, data warehouse, devops, docker, git, go, golang, http, illustrator, jenkins, kafka, kubernetes, leadership, less, linux, microservices, natural language processing, nginx, postgres, postgresql, power bi, powershell, python, r, redis, rest, ruby, rust, sap, scala, security, shell, soap, terraform, web3, webpack, websocket"
77,JavaScript Developer,"ajax, angular, css, dl, go, html, java, javascript, jquery, ml, r, react"
78,Wordpress Developer,"ai, api, apis, architecture, bitbucket, css, cybersecurity, git, github, github actions, gitlab, gitlab ci, go, html, java, javascript, junit, laravel, ml, php, r, scikit-learn, security, solidity, sqlite, unit testing, vite"
79,Full Stack Developer,"agile, ai, angular, api, apis, aws, bootstrap, clean code, dl, git, go, jenkins, networking, neural networks, r, redis, rest, restful, ruby, scala, scrum, teamwork"
80,Full Stack Developer,".net, agile, ai, amazon web services, analytical, android, apache, apache spark, architecture, artificial intelligence, asp.net, bitbucket, blockchain, c#, c++, cassandra, chai, chef, ci/cd, circleci, clean code, communication, computer vision, confluence, couchdb, crm, css, cybersecurity, cypress, docker, elasticsearch, gcp, github actions, gitlab ci, go, google cloud, grpc, html, huggingface, ionic, java, javascript, jquery, machine learning, mercurial, microservices, ml, mocha, natural language processing, objective-c, opencv, oracle, pytorch, r, react, react native, react.js, reactjs, salesforce, scala, scikit-learn, scipy, scrum, security, sketch, spacy, statistics, tcp/ip, typescript, webpack, websocket"
81,Node js developer,"ai, amazon web services, architecture, bitbucket, css, cybersecurity, express, git, github, github actions, gitlab, gitlab ci, go, html, java, javascript, junit, less, mercurial, ml, node.js, nodejs, oop, power bi, powershell, r, rest, scikit-learn, security, solidity, sqlite, transformers, unit testing, vite, vuejs, web3, webpack, websocket"
82,Flutter Developer,"amazon web services, android, automation testing, clean code, communication, dart, data analysis, dl, erp, firebase, flutter, http, integration testing, ios, json, ml, networking, php, power bi, powershell, r, rest, swiftui, unit testing, web3, webpack, websocket, xml"
83,Full Stack Developer,"agile, communication, go, html, java, javascript, ml, mongodb, qa, r, react, scrum"
84,Database Administrator,"ai, architecture, data visualization, data warehouse, express, ios, linux, r, sql, sql server, tableau"
85,Software Engineer,"api, apis, architecture, communication, dl, go, ios, java, linux, microservices, networking, neural networks, photoshop, postgres, postgresql, r, rest, scala, security, ssl, unit testing"
86,Machine Learning,"agile, ai, amazon web services, analytical, apache, apache spark, api, apis, architecture, aws, computer vision, data analysis, data engineering, data pipeline, data visualization, data warehouse, design patterns, dl, go, java, linux, machine learning, ml, power bi, powershell, problem solving, python, r, scala, spark, sql, system design, unix, web3, webpack, websocket"
87,Database Administrator,"ai, analytical, communication, dl, express, go, problem solving, r, teamwork"
88,Java Developer,"architecture, communication, go, java, javascript, r"
89,Database Administrator,"ai, apache, apache spark, chef, cybersecurity, data analysis, ethereum, etl, powershell, r, rest, security, shell, sql, sql server"
90,DevOps Engineer,"ansible, api, apis, chef, erp, linux, puppet, python, r, rest, rest api, terraform"
91,Machine Learning,"ai, amazon web services, api, architecture, artificial intelligence, aws, bert, bitbucket, ci/cd, circleci, communication, cybersecurity, data engineering, data warehouse, deep learning, dl, docker, gcp, git, github, github actions, gitlab, gitlab ci, go, gpt, hadoop, illustrator, junit, keras, kubernetes, lua, machine learning, ml, natural language processing, networking, neural networks, nlp, nltk, numpy, oop, pandas, power bi, powershell, python, pytorch, r, rust, scikit-learn, scipy, security, solidity, spacy, spark, sql, sqlite, system design, teamwork, tensorflow, unit testing, vite, web3, webpack, websocket"
92,Backend Developer,"ai, amazon web services, analytical, architecture, bitbucket, communication, computer vision, cybersecurity, data analysis, data engineering, data pipeline, data visualization, data warehouse, dl, git, github, github actions, gitlab, gitlab ci, java, junit, leadership, less, ml, php, power bi, powershell, problem solving, python, r, scikit-learn, security, solidity, sqlite, unit testing, vite, web3, webpack, websocket"
93,Machine Learning,"architecture, bitbucket, cybersecurity, data analysis, git, github, github actions, gitlab, gitlab ci, junit, lua, ml, networking, neural networks, r, scala, scikit-learn, security, solidity, sqlite, teamwork, unit testing, vite"
94,JavaScript Developer,"ajax, amazon web services, analytical, api, apis, aws, bootstrap, clean code, css, design patterns, erp, express, git, go, html, http, https, java, javascript, jquery, json, less, microservices, ml, natural language processing, nodejs, power bi, powershell, problem solving, r, react, react.js, reactjs, rest, restful, security, solid, ssl, swiftui, system design, web3, webpack, websocket"
95,Database Administrator,"ai, r"
96,Full Stack Developer,"agile, ai, ci/cd, http, java, json, ml, oauth, r, rest, spring, springboot"
97,Machine Learning,"ai, amazon web services, api, architecture, bitbucket, cybersecurity, data analysis, data engineering, data pipeline, data visualization, data warehouse, deep learning, git, github, github actions, gitlab, gitlab ci, go, junit, lua, machine learning, microservices, natural language processing, nlp, power bi, powershell, python, pytorch, r, scala, scikit-learn, security, solidity, sql, sqlite, statistics, tableau, tensorflow, unit testing, vite, web3, webpack, websocket"
98,Wordpress Developer,"api, css, git, go, html, java, javascript, jquery, ml, mysql, oop, php, r, sql, xml"
99,Software Engineer,"agile, ai, amazon web services, api, apis, architecture, aws, data pipeline, data warehouse, dl, erp, express, fastapi, git, go, http, https, illustrator, java, lua, microservices, natural language processing, power bi, powershell, r, rest, rest api, rust, sql, swiftui, web3, webpack, websocket"
100,Node js developer,"communication, data engineering, design patterns, go, node.js, r, system design"
101,Machine Learning,"amazon web services, analytical, architecture, data analysis, data warehouse, go, illustrator, java, machine learning, ml, power bi, powershell, problem solving, python, r, rust, scala, statistics, web3, webpack, websocket"
102,Wordpress Developer,".net, asp.net, css, html, java, javascript, ml, next.js, node.js, perl, r, react.js, sharepoint, vue.js"
103,Node js developer,"ai, clean code, dl, go, java, javascript, r"
104,Database Administrator,".net, ai, aws, dl, erp, etl, go, nosql, postgres, r, security, sql, sql server"
105,Java Developer,"agile, ai, ajax, amazon web services, angular, angular.js, architecture, aws, data engineering, data visualization, design patterns, git, go, java, javascript, jenkins, jquery, json, kanban, linux, mongodb, natural language processing, networking, neural networks, nosql, oop, power bi, powershell, python, r, react, rest, restful, spring, sql, ssl, statistics, teamwork, web3, webpack, websocket"
106,JavaScript Developer,"agile, amazon web services, api, apis, architecture, css, html, java, javascript, matlab, ml, mocha, objective-c, power bi, powershell, r, scikit-learn, swiftui, web3, webpack, websocket"
107,iOS Developer,"api, apis, ios, networking, neural networks, objective-c, r, svn, swiftui, teamwork"
108,PHP Developer,"ai, architecture, git, mysql, php, r, scala, solid, sql, teamwork"
109,Machine Learning,"ai, amazon web services, analytical, artificial intelligence, chai, clean code, computer vision, data pipeline, data visualization, data warehouse, deep learning, dl, erp, go, hadoop, illustrator, javascript, leadership, machine learning, natural language processing, objective-c, oop, power bi, powershell, problem solving, python, r, rust, scikit-learn, scipy, spark, sql, statistics, tableau, tcp/ip, typescript, web3, webpack, websocket"
110,JavaScript Developer,"ai, amazon web services, angular, css, dl, html, java, javascript, jquery, ml, power bi, powershell, r, react, scala, solid, swiftui, web3, webpack, websocket"
111,Backend Developer,"ai, amazon web services, api, apis, architecture, django, express, git, go, microservices, mysql, nodejs, power bi, powershell, r, sql, web3, webpack, websocket"
112,Java Developer,"ai, amazon web services, android, angular, automation testing, communication, computer vision, dart, erp, firebase, go, http, integration testing, ionic, ios, networking, neural networks, power bi, powershell, r, react, reactjs, rest, teamwork, unit testing, web3, webpack, websocket"
113,Java Developer,"agile, ai, amazon web services, angular, ansible, apache, architecture, automation testing, aws, bitbucket, ci/cd, css, cybersecurity, design patterns, devops, docker, git, github, github actions, gitlab, gitlab ci, go, google cloud, html, integration testing, ios, java, javascript, jenkins, junit, microservices, ml, mysql, oracle, postgres, postgresql, power bi, powershell, r, react, rest, scikit-learn, security, soap, solidity, spring, sql, sql server, sqlite, uml, unit testing, vite, vue, vue.js, web3, webpack, websocket"
114,Java Developer,"ai, ajax, amazon web services, apache, huggingface, java, javascript, jquery, json, oracle, r, rest, restful, security, spring, svn"
115,Flutter Developer,"ai, android, huggingface, java, r, rest"
116,JavaScript Developer,"ai, airflow, ajax, amazon web services, angular, circleci, css, data analysis, data engineering, data pipeline, data visualization, data warehouse, firebase, html, http, https, java, javascript, jira, jquery, ml, power bi, powershell, r, react, swiftui, vue, vuejs, web3, webpack, websocket"
117,Software Engineer,"amazon web services, analytical, apache, apache spark, api, architecture, artificial intelligence, bitbucket, blockchain, c#, c++, cassandra, chai, chef, ci/cd, circleci, clean code, communication, computer vision, confluence, couchdb, crm, css, cybersecurity, cypress, data analysis, data engineering, data pipeline, data visualization, data warehouse, docker, elasticsearch, gcp, git, github actions, gitlab ci, google cloud, grpc, huggingface, ionic, javascript, linux, machine learning, mercurial, microservices, mocha, natural language processing, neural networks, objective-c, opencv, oracle, pytorch, r, react, react native, react.js, reactjs, salesforce, scala, scikit-learn, scipy, scrum, security, sketch, spacy, statistics, tcp/ip, typescript, unix, webpack, websocket"
118,PHP Developer,"ai, bootstrap, css, git, laravel, php, r, redis, solid, sql, tailwind, vue, vuejs"
119,Backend Developer,"amazon web services, angular, api, apis, bootstrap, css, express, express.js, go, html, java, javascript, jquery, laravel, mariadb, ml, mongodb, mysql, nginx, nodejs, php, r, react, rest, rest api, sql, web3, webpack, websocket"
120,JavaScript Developer,"ajax, amazon web services, angular, angularjs, communication, css, erp, expressjs, go, html, java, javascript, jquery, json, ml, next.js, nextjs, node.js, nodejs, power bi, powershell, r, react.js, reactjs, swiftui, vue.js, vuejs, web3, webpack, websocket"
121,PHP Developer,"ai, ajax, architecture, bootstrap, css, dl, git, go, html, java, javascript, jquery, laravel, ml, mysql, php, r, sql"
122,Django Developer,"ai, angular, api, apis, css, data warehouse, django, go, html, illustrator, java, javascript, jquery, json, ml, networking, neural networks, python, r, rust, teamwork, unit testing"
123,JavaScript Developer,"adobe xd, agile, ai, airflow, ajax, amazon web services, analytical, android, angular, angularjs, ansible, apache, apache spark, api, apis, architecture, artificial intelligence, asana, asp.net, automation testing, aws, azure, babel, bash, blockchain, bootstrap, cassandra, chai, clean code, communication, css, dart, data analysis, data engineering, data pipeline, data visualization, data warehouse, deep learning, design patterns, devops, django, dl, dynamodb, elasticsearch, erp, fastapi, figma, firebase, flask, gatsby, git, github actions, gitlab, gitlab ci, go, golang, graphql, hadoop, html, huggingface, illustrator, integration testing, java, javascript, jira, json, kafka, kanban, keras, laravel, leadership, lua, machine learning, mariadb, matlab, matplotlib, mercurial, microservices, ml, mocha, natural language processing, neural networks, oauth, oracle, pandas, power bi, powershell, pyspark, qa, r, rails, react, react native, react.js, reactjs, rest, rest api, ruby on rails, rust, salesforce, sap, sass, scala, scikit-learn, seaborn, sharepoint, sklearn, soap, spacy, spark, sql, statistics, tableau, tailwind, teamwork, terraform, transformers, vagrant, web3, webpack, websocket, xamarin, xml"
124,Node js developer,"ai, angular, angularjs, apache, bootstrap, clean code, css, dl, expressjs, go, html, http, java, javascript, jquery, json, ml, next.js, nextjs, nginx, node.js, nodejs, nosql, r, react, react.js, reactjs, scrum, sql, vue.js, vuejs"
125,Backend Developer,"agile, ai, amazon web services, android, angular, api, apis, aws, clean code, communication, docker, firebase, git, go, java, json, ml, mysql, oop, power bi, powershell, problem solving, r, rest, restful, scrum, shell, soap, spring, sql, svn, web3, webpack, websocket, xml"
126,JavaScript Developer,".net, adobe xd, agile, ai, amazon web services, ansible, apache, apache spark, architecture, artificial intelligence, asp.net, automation testing, aws, azure, babel, bert, bitbucket, chef, circleci, clean code, computer vision, confluence, css, cybersecurity, cypress, data engineering, data pipeline, data warehouse, deep learning, design patterns, devops, docker, elasticsearch, erp, ethereum, etl, express, expressjs, firebase, flutter, git, github, go, google cloud, hive, html, huggingface, integration testing, java, javascript, jenkins, jest, jquery, keras, kubernetes, laravel, leadership, less, machine learning, mercurial, microservices, ml, natural language processing, neo4j, networking, neural networks, next.js, nextjs, node.js, nodejs, nosql, objective-c, opencv, oracle, perl, postgres, postgresql, power bi, powershell, problem solving, puppet, pytest, r, react, react native, react.js, reactjs, redis, rest, rest api, restful, salesforce, scikit-learn, seaborn, security, selenium, sharepoint, shell, sketch, sklearn, solid, sql, sql server, sqlite, svelte, swiftui, system design, tableau, teamwork, tensorflow, terraform, transformers, trello, typescript, unit testing, vite, vue, vue.js, vuejs, web3, webpack, websocket"
127,DevOps Engineer,"ai, aws, ci/cd, cicd, data pipeline, devops, docker, git, gitlab, gitlab ci, go, kubernetes, python, r, shell"
128,Software Engineer,".net, amazon web services, android, angular, angularjs, api, apis, architecture, automation testing, aws, c++, communication, couchdb, css, dynamodb, elasticsearch, erp, go, html, integration testing, ios, java, javascript, kubernetes, linux, lua, machine learning, mariadb, ml, mongodb, mysql, networking, neural networks, node.js, nosql, postgres, power bi, powershell, r, react, react native, redis, rest, restful, ruby, security, sql, unit testing, web3, webpack, websocket"
129,JavaScript Developer,"agile, ai, ajax, amazon web services, angular, angularjs, api, apis, clean code, css, data warehouse, go, html, illustrator, java, javascript, json, ml, networking, neural networks, oracle, power bi, powershell, r, react, reactjs, rest, rest api, restful, rust, scrum, teamwork, vagrant, web3, webpack, websocket"
130,Full Stack Developer,"agile, ai, api, apis, architecture, bdd, git, go, less, ml, r, react, ruby, tdd"
131,DevOps Engineer,"ai, amazon web services, apache, architecture, aws, azure, devops, dl, docker, ethereum, git, go, java, jenkins, kubernetes, linux, mysql, nginx, power bi, powershell, python, r, security, shell, sql, teamwork, web3, webpack, websocket"
132,Network Administrator,"ai, amazon web services, dl, golang, natural language processing, networking, neural networks, r, sap, security, web3, webpack, websocket"
133,Backend Developer,"ai, amazon web services, android, angular, api, go, ios, java, kubernetes, laravel, php, power bi, powershell, r, rails, rest, ruby, ruby on rails, sql, svelte, swift, web3, webpack, websocket"
134,DevOps Engineer,"ai, amazon web services, architecture, automation testing, aws, azure, bitbucket, ci/cd, communication, cybersecurity, data warehouse, erp, git, github, github actions, gitlab, gitlab ci, go, integration testing, jenkins, jira, junit, linux, microservices, networking, neural networks, nodejs, powershell, pytest, r, scikit-learn, security, shell, solidity, sqlite, system design, terraform, unit testing, vite"
135,Network Administrator,"ai, amazon web services, aws, azure, data analysis, linux, microservices, networking, neural networks, power bi, powershell, r, teamwork, web3, webpack, websocket"
136,iOS Developer,".net, amazon web services, analytical, data warehouse, go, hive, illustrator, ios, mercurial, networking, neural networks, objective-c, power bi, powershell, r, react native, rust, swift, teamwork, transformers, web3, webpack, websocket"
137,Full Stack Developer,"ai, clean code, devops, dl, gcp, go, google cloud, http, java, javascript, machine learning, mongodb, problem solving, python, r, react, reactjs, rest, scrum, sql, sql server, tensorflow"
138,Node js developer,"ai, amazon web services, communication, data warehouse, design patterns, dl, docker, erp, express, gcp, git, go, golang, hadoop, illustrator, java, jenkins, leadership, less, lua, machine learning, mongodb, natural language processing, networking, neural networks, node.js, oop, power bi, powershell, r, react, rust, scala, system design, teamwork, web3, webpack, websocket"
139,JavaScript Developer,"adobe xd, ai, amazon web services, architecture, aws, azure, bash, c#, data engineering, express, git, go, google cloud, hadoop, http, java, javascript, leadership, less, mariadb, microservices, ml, natural language processing, networking, oop, power bi, powershell, r, rest, security, shell, soap, ssl, typescript, web3, webpack, websocket"
140,PHP Developer,"ai, ajax, amazon web services, css, dl, go, html, java, javascript, ml, php, power bi, powershell, r, rest, sap, solid, web3, webpack, websocket"
141,Full Stack Developer,"ai, angular, angularjs, api, architecture, automation testing, azure, bitbucket, c++, communication, computer vision, confluence, couchdb, cybersecurity, data visualization, data warehouse, dl, ethereum, flutter, github, github actions, go, google cloud, huggingface, illustrator, ios, java, jquery, junit, kubernetes, linux, lua, mercurial, natural language processing, neural networks, node.js, numpy, nuxt, oauth, problem solving, puppet, python, r, restful, ruby, ruby on rails, rust, scrum, security, selenium, sql, swiftui, tableau, uml, unit testing, unix, vue, vue.js, vuejs"
142,PHP Developer,"ai, amazon web services, analytical, api, apis, automation testing, clean code, communication, css, erp, go, html, integration testing, java, javascript, jquery, json, ml, mysql, php, power bi, powershell, pytest, python, r, sql, unit testing, web3, webpack, websocket, xml"
143,Network Administrator,r
144,Machine Learning,"agile, ai, amazon web services, analytical, api, architecture, automation testing, bitbucket, chai, communication, cybersecurity, data analysis, data engineering, data pipeline, data visualization, data warehouse, deep learning, dl, erp, express, git, github, github actions, gitlab, gitlab ci, go, illustrator, integration testing, junit, less, lua, machine learning, matlab, natural language processing, nlp, power bi, powershell, python, r, rest, rust, scikit-learn, security, shell, solidity, sqlite, statistics, unit testing, vite, web3, webpack, websocket"
145,Flutter Developer,"android, flutter, go, ios, java, javascript, r"
146,Java Developer,"adobe xd, agile, ai, airflow, ajax, amazon web services, analytical, android, angular, angularjs, ansible, apache, apache spark, api, apis, architecture, artificial intelligence, asana, asp.net, automation testing, aws, azure, babel, bash, bitbucket, blockchain, bootstrap, cassandra, chai, clean code, communication, cybersecurity, dart, data analysis, data engineering, data pipeline, data visualization, data warehouse, deep learning, design patterns, django, dynamodb, elasticsearch, erp, fastapi, figma, firebase, flask, gatsby, git, github, github actions, gitlab, gitlab ci, golang, graphql, hadoop, huggingface, illustrator, integration testing, java, javascript, jira, junit, kafka, kanban, keras, laravel, leadership, lua, machine learning, mariadb, matlab, matplotlib, mercurial, mocha, natural language processing, networking, neural networks, oauth, oracle, pandas, power bi, powershell, pyspark, qa, r, rails, react, react native, react.js, reactjs, rest api, ruby on rails, salesforce, sap, sass, scala, scikit-learn, seaborn, security, selenium, sharepoint, sklearn, soap, solidity, spacy, spark, sqlite, statistics, tableau, tailwind, teamwork, terraform, transformers, unit testing, vagrant, vite, web3, webpack, websocket, xamarin"
147,Full Stack Developer,"ai, architecture, azure, computer vision, cypress, data warehouse, dl, ethereum, express, expressjs, firebase, flask, go, less, ml, postgres, postgresql, python, r, react, react native, react.js, reactjs, redis, rest, rest api, restful, rust, sharepoint, system design, trello"
148,Wordpress Developer,"api, apis, java, javascript, jquery, mysql, objective-c, php, r, scikit-learn, sql"
149,Full Stack Developer,"agile, ai, angular, angularjs, architecture, automation testing, azure, bitbucket, communication, computer vision, confluence, couchdb, cybersecurity, data visualization, data warehouse, erp, ethereum, flutter, git, github, github actions, go, google cloud, huggingface, illustrator, java, javascript, jquery, junit, kubernetes, leadership, linux, lua, mercurial, natural language processing, neural networks, nodejs, numpy, nuxt, oauth, puppet, r, react, restful, ruby, ruby on rails, rust, scrum, security, selenium, solid, swiftui, tableau, uml, unit testing, unix, vue, vue.js, vuejs"
150,Flutter Developer,"analytical, android, api, apis, architecture, dart, flutter, go, ios, json, ml, r, solid, swiftui, xml"
151,Django Developer,"agile, angular, architecture, bitbucket, communication, cybersecurity, data warehouse, django, dl, git, github, github actions, gitlab, gitlab ci, go, illustrator, junit, python, r, react, rest, rust, scikit-learn, security, solid, solidity, sqlite, unit testing, vite"
152,Network Administrator,"ai, amazon web services, analytical, communication, data pipeline, dl, erp, git, go, golang, ios, javascript, leadership, less, linux, microservices, natural language processing, networking, neural networks, photoshop, postgres, postgresql, power bi, powershell, problem solving, r, scala, scipy, security, tcp/ip, typescript, unix, web3, webpack, websocket"
153,Wordpress Developer,"css, design patterns, html, java, javascript, jquery, ml, r, system design"
154,Full Stack Developer,"ai, ajax, angular, angularjs, architecture, automation testing, azure, bitbucket, clean code, communication, computer vision, confluence, couchdb, cybersecurity, data visualization, data warehouse, dl, ethereum, flutter, git, github, github actions, go, google cloud, html, huggingface, illustrator, java, javascript, jquery, junit, kubernetes, leadership, linux, lua, mercurial, ml, natural language processing, neural networks, numpy, nuxt, oauth, puppet, r, restful, ruby, ruby on rails, rust, scrum, security, selenium, spring, swiftui, tableau, uml, unit testing, unix, vue, vue.js, vuejs, xml"
155,Full Stack Developer,"ai, angular, angularjs, api, apis, architecture, automation testing, azure, bitbucket, c++, communication, computer vision, confluence, couchdb, cybersecurity, data visualization, data warehouse, dl, erp, ethereum, flutter, git, github, github actions, go, google cloud, html, huggingface, illustrator, ios, java, javascript, jquery, junit, kubernetes, leadership, linux, lua, machine learning, mercurial, ml, natural language processing, networking, neural networks, numpy, nuxt, oauth, problem solving, puppet, python, r, rest, restful, ruby, ruby on rails, rust, scrum, security, selenium, swiftui, tableau, teamwork, uml, unit testing, unix, vue, vue.js, vuejs"
156,iOS Developer,"communication, express, expressjs, ios, objective-c, r, sql, swift"
157,Flutter Developer,".net, android, api, flutter, html, ios, java, javascript, kotlin, ml, php, r, swift"
158,JavaScript Developer,"ai, amazon web services, angular, angularjs, api, apis, architecture, artificial intelligence, bitbucket, ci/cd, circleci, cybersecurity, data pipeline, data warehouse, deep learning, dl, docker, erp, git, github, github actions, gitlab, gitlab ci, go, grpc, http, illustrator, java, javascript, jenkins, junit, keras, kubernetes, less, machine learning, objective-c, power bi, powershell, pytorch, r, react, rest, rest api, rust, scala, scikit-learn, scipy, security, solidity, spring, sqlite, tensorflow, unit testing, vite, web3, webpack, websocket"
159,Node js developer,"ai, amazon web services, api, apis, architecture, express, express.js, expressjs, git, java, javascript, node.js, postgres, postgresql, power bi, powershell, r, rest, security, sql, typescript, vue, vuejs, web3, webpack, websocket"
160,Django Developer,"django, go, python, r"
161,PHP Developer,"amazon web services, c++, git, java, javascript, laravel, mysql, php, power bi, powershell, r, sql, web3, webpack, websocket"
162,Software Engineer,".net, agile, ai, amazon web services, asp.net, azure, c#, clean code, communication, css, design patterns, docker, git, go, google cloud, html, java, javascript, kubernetes, ml, mocha, mysql, nosql, oracle, power bi, powershell, r, security, sql, sql server, svn, system design, web3, webpack, websocket"
163,Node js developer,"ai, express, git, java, javascript, jquery, nodejs, r"
164,Software Engineer,"amazon web services, api, apis, architecture, artificial intelligence, automation testing, aws, bitbucket, ci/cd, circleci, clean code, communication, computer vision, confluence, couchdb, cybersecurity, data analysis, data engineering, data pipeline, data visualization, data warehouse, dl, docker, erp, gcp, git, github, github actions, gitlab, gitlab ci, go, google cloud, illustrator, integration testing, ios, java, jenkins, junit, kafka, kubernetes, linux, networking, neural networks, nosql, objective-c, power bi, powershell, pytest, python, r, redis, rest, rest api, restful, rust, scala, scikit-learn, scipy, security, solidity, sql, sqlite, teamwork, unit testing, vite, web3, webpack, websocket"
165,Backend Developer,"express, express.js, mysql, nodejs, php, r, sql"
166,JavaScript Developer,"agile, ai, amazon web services, analytical, architecture, aws, bitbucket, communication, cybersecurity, data warehouse, design patterns, devops, erp, git, github, github actions, gitlab, gitlab ci, go, illustrator, integration testing, java, javascript, junit, natural language processing, node.js, nodejs, power bi, powershell, problem solving, r, react, rust, scikit-learn, security, solidity, sqlite, swiftui, system design, typescript, unit testing, vite, web3, webpack, websocket"
168,Wordpress Developer,"ai, amazon web services, c++, css, data warehouse, design patterns, html, illustrator, java, javascript, ml, node.js, nodejs, php, power bi, powershell, r, rust, sap, system design, web3, webpack, websocket"
170,Java Developer,"agile, ai, amazon web services, api, architecture, artificial intelligence, ci/cd, circleci, communication, git, gitlab ci, java, linux, power bi, powershell, r, scikit-learn, scipy, spring, web3, webpack, websocket"
171,Machine Learning,"ai, amazon web services, analytical, data warehouse, git, go, illustrator, microservices, networking, neural networks, power bi, powershell, r, rust, statistics, teamwork, web3, webpack, websocket"
172,Wordpress Developer,"ai, amazon web services, api, apis, architecture, bitbucket, clean code, communication, computer vision, confluence, couchdb, css, cybersecurity, data warehouse, erp, git, github, github actions, gitlab, gitlab ci, go, html, java, javascript, jquery, json, junit, less, mercurial, ml, objective-c, php, power bi, powershell, r, rest, restful, scikit-learn, security, solidity, sqlite, ssl, svn, unit testing, vite, web3, webpack, websocket, xml"
173,PHP Developer,"agile, ai, amazon web services, angularjs, aws, communication, css, data analysis, data engineering, data pipeline, data visualization, data warehouse, design patterns, expressjs, git, html, integration testing, java, javascript, json, laravel, less, linux, ml, mysql, next.js, nextjs, node.js, nodejs, nosql, objective-c, php, power bi, powershell, r, react.js, reactjs, sass, scala, scikit-learn, scrum, security, sql, vue.js, vuejs, web3, webpack, websocket"
174,Backend Developer,"amazon web services, analytical, angular, architecture, bitbucket, bootstrap, clean code, css, cybersecurity, data warehouse, design patterns, erp, git, github, github actions, gitlab, gitlab ci, go, html, illustrator, integration testing, ios, java, jquery, junit, microservices, ml, objective-c, power bi, powershell, r, rust, scikit-learn, security, solidity, spring, sqlite, system design, teamwork, unit testing, vite, web3, webpack, websocket"
175,PHP Developer,"ai, amazon web services, architecture, communication, css, dl, git, go, html, java, javascript, jquery, mercurial, ml, php, power bi, powershell, r, security, svn, web3, webpack, websocket"
176,Full Stack Developer,"agile, ai, aws, communication, css, erp, go, golang, hadoop, html, java, javascript, ml, nosql, oop, problem solving, r, react, spark, sql"
177,JavaScript Developer,"ai, amazon web services, angular, css, dl, git, html, java, javascript, ml, power bi, powershell, problem solving, r, react, rest, vue, web3, webpack, websocket"
178,Machine Learning,"amazon web services, analytical, apache, apache spark, architecture, artificial intelligence, bitbucket, blockchain, c#, c++, cassandra, chai, chef, ci/cd, circleci, clean code, communication, computer vision, confluence, couchdb, crm, css, cybersecurity, cypress, deep learning, docker, elasticsearch, gcp, git, github, github actions, gitlab ci, go, google cloud, grpc, huggingface, ionic, javascript, linux, machine learning, mercurial, microservices, mocha, natural language processing, neural networks, objective-c, opencv, oracle, python, pytorch, r, react, react native, react.js, reactjs, salesforce, scala, scikit-learn, scipy, scrum, security, sketch, spacy, statistics, tcp/ip, tensorflow, typescript, webpack, websocket"
179,Java Developer,"agile, ai, amazon web services, android, ansible, api, apis, architecture, aws, azure, bitbucket, cybersecurity, devops, dl, docker, git, github, github actions, gitlab, gitlab ci, go, junit, lua, ml, networking, neural networks, oop, perl, power bi, powershell, problem solving, python, r, react, react native, scikit-learn, security, solidity, sqlite, tableau, teamwork, unit testing, vite, web3, webpack, websocket"
180,Software Engineer,"agile, ai, analytical, api, communication, cybersecurity, data engineering, data warehouse, dl, erp, go, illustrator, less, ml, natural language processing, networking, perl, problem solving, r, react native, rust, salesforce, scala, security, tcp/ip"
181,Django Developer,"aws, bootstrap, communication, css, django, erp, git, go, html, java, javascript, jquery, ml, mysql, postgres, python, r, sql"
182,Django Developer,"amazon web services, django, flask, go, power bi, powershell, python, r, web3, webpack, websocket"
183,Node js developer,"agile, api, communication, css, design patterns, dl, git, gitlab, gitlab ci, go, html, java, javascript, less, matlab, ml, mocha, node.js, nodejs, r, react, unit testing, webpack"
184,Backend Developer,"adobe xd, ai, amazon web services, android, angular, api, apis, architecture, artificial intelligence, bitbucket, bootstrap, ci/cd, circleci, clean code, cybersecurity, data analysis, data engineering, data pipeline, data visualization, data warehouse, design patterns, dl, firebase, flutter, git, github, github actions, gitlab, gitlab ci, go, ios, java, javascript, junit, r, rest, scala, scikit-learn, scipy, security, solidity, sqlite, swiftui, system design, unit testing, vite, web3, webpack, websocket"
185,Network Administrator,"ai, architecture, automation testing, bitbucket, computer vision, cybersecurity, git, github, github actions, gitlab, gitlab ci, go, golang, integration testing, junit, natural language processing, networking, pytest, r, scikit-learn, security, solidity, sqlite, unit testing, vite"
186,Wordpress Developer,"amazon web services, dl, express, expressjs, mercurial, power bi, powershell, r, rest, transformers, web3, webpack, websocket"
187,iOS Developer,"agile, ai, amazon web services, api, apis, clean code, dl, erp, git, go, http, https, ios, objective-c, power bi, powershell, qa, r, rest, restful, scrum, security, swift, swiftui, web3, webpack, websocket"
188,Software Engineer,"ai, amazon web services, automation testing, c++, communication, data warehouse, erp, go, illustrator, integration testing, power bi, powershell, r, rust, unit testing, web3, webpack, websocket"
189,PHP Developer,"ajax, amazon web services, apache, apache spark, api, apis, chef, communication, css, data warehouse, dl, ethereum, go, google cloud, html, http, https, illustrator, java, javascript, ml, mysql, nosql, objective-c, php, power bi, powershell, r, rust, scikit-learn, shell, sql, web3, webpack, websocket"
190,Flutter Developer,"ai, android, api, apis, dart, data warehouse, flutter, illustrator, java, mysql, nosql, r, rest, rest api, rust, sap, sql"
191,PHP Developer,"ai, amazon web services, bootstrap, clean code, css, git, html, java, javascript, laravel, ml, php, r, rest"
192,iOS Developer,"agile, ai, amazon web services, analytical, architecture, automation testing, bitbucket, clean code, communication, cybersecurity, data warehouse, design patterns, git, github, github actions, gitlab, gitlab ci, go, illustrator, integration testing, ios, junit, microservices, power bi, powershell, r, rust, scikit-learn, scrum, security, solid, solidity, sqlite, system design, unit testing, vite, web3, webpack, websocket"
193,Wordpress Developer,"amazon web services, css, git, java, javascript, power bi, powershell, r, sass, web3, webpack, websocket"
194,Django Developer,"amazon web services, analytical, api, apis, communication, css, django, git, go, html, java, javascript, ml, oop, power bi, powershell, python, r, react, react.js, rest, rest api, scala, solid, sql, web3, webpack, websocket"
195,Machine Learning,"ai, amazon web services, power bi, powershell, r, rest, web3, webpack, websocket"
196,Django Developer,"ai, angular, angularjs, api, css, django, erp, go, html, java, javascript, jquery, ml, nosql, python, r, react, reactjs, rest, rest api, sql, swiftui"
197,JavaScript Developer,"ai, amazon web services, clean code, communication, css, go, java, javascript, mysql, networking, neural networks, php, power bi, powershell, r, sql, teamwork, web3, webpack, websocket"
198,JavaScript Developer,"css, git, go, html, java, javascript, json, mercurial, ml, nodejs, r, rest, sap, transformers"
199,Software Engineer,"agile, automation testing, communication, data analysis, dl, erp, go, integration testing, networking, neural networks, r, system design, teamwork, unit testing"
200,Java Developer,".net, agile, angular, azure, c#, communication, devops, git, java, objective-c, python, r, react, scikit-learn, sql, vue"
201,iOS Developer,"ai, amazon web services, api, apis, design patterns, git, integration testing, ios, leadership, lua, mercurial, objective-c, power bi, powershell, r, rest, restful, swift, system design, web3, webpack, websocket"
202,Full Stack Developer,"ai, aws, flask, git, go, golang, http, java, javascript, linux, python, r, react, sql, websocket"
203,Flutter Developer,"android, angular, design patterns, dl, flutter, go, ionic, ios, java, jquery, kotlin, r, rest, swift, system design"
204,PHP Developer,"ai, ajax, amazon web services, automation testing, aws, clean code, css, git, github, go, html, integration testing, java, javascript, jquery, json, ml, mysql, php, power bi, powershell, pytest, r, sql, svn, teamwork, unit testing, web3, webpack, websocket"
205,Backend Developer,"ai, clean code, design patterns, r, scala, system design"
206,Full Stack Developer,"agile, ai, angular, api, apis, aws, bootstrap, clean code, dl, git, go, jenkins, networking, neural networks, r, redis, rest, restful, ruby, scala, scrum, teamwork"
207,Java Developer,"agile, ai, amazon web services, analytical, architecture, artificial intelligence, bitbucket, ci/cd, circleci, communication, css, cybersecurity, data engineering, data warehouse, devops, erp, git, github, github actions, gitlab, gitlab ci, go, hadoop, hive, html, huggingface, illustrator, java, javascript, jenkins, jira, junit, kafka, mariadb, mercurial, ml, oop, oracle, power bi, powershell, r, rust, scala, scikit-learn, scipy, security, solidity, spark, spring, spring boot, sqlite, teamwork, typescript, unit testing, vite, web3, webpack, websocket, xamarin"
208,Wordpress Developer,"api, automation testing, communication, css, design patterns, dl, github actions, html, integration testing, java, javascript, jquery, ml, mysql, networking, neural networks, oop, php, r, sql, system design, teamwork, unit testing"
209,Django Developer,"agile, ai, amazon web services, api, apis, aws, data analysis, django, flask, git, go, mysql, objective-c, postgres, python, r, rest, restful, scikit-learn, security, solid, sql, svn"
210,DevOps Engineer,"ai, amazon web services, api, artificial intelligence, automation testing, aws, bash, bitbucket, chef, ci/cd, circleci, clean code, communication, cypress, data warehouse, design patterns, devops, dl, docker, erp, express, expressjs, gitlab ci, go, illustrator, integration testing, ios, jenkins, jest, kubernetes, less, linux, microservices, natural language processing, objective-c, postgres, postgresql, power bi, powershell, puppet, pytest, python, r, redis, rest, rest api, restful, rust, salesforce, scala, scikit-learn, scipy, security, shell, system design, terraform, typescript, unit testing, web3, webpack, websocket"
211,Backend Developer,"ai, amazon web services, api, apis, automation testing, aws, bootstrap, clean code, css, data warehouse, django, firebase, flask, go, html, integration testing, ml, mysql, networking, neural networks, nosql, php, power bi, powershell, pytest, python, r, sql, teamwork, unit testing, web3, webpack, websocket"
212,PHP Developer,"agile, ajax, amazon web services, angularjs, apache, api, bootstrap, communication, css, expressjs, go, html, java, javascript, jquery, json, laravel, ml, mysql, next.js, nextjs, node.js, nodejs, nosql, php, python, r, react.js, reactjs, sql, vue.js, vuejs"
213,Backend Developer,"agile, ai, amazon web services, api, apis, css, django, dl, git, github, go, html, java, javascript, mercurial, ml, mysql, power bi, powershell, r, rails, react, rest, restful, ruby, ruby on rails, scrum, sql, svn, terraform, transformers, web3, webpack, websocket"
214,Django Developer,"ai, api, apis, aws, communication, django, git, github, go, html, java, javascript, jira, ml, mongodb, mysql, python, r, rest, restful, sql, teamwork, terraform, transformers"
215,Full Stack Developer,".net, ai, angular, angularjs, api, apis, architecture, automation testing, azure, bitbucket, communication, computer vision, confluence, couchdb, cybersecurity, data visualization, data warehouse, ethereum, flutter, github, github actions, google cloud, huggingface, illustrator, java, javascript, jquery, junit, kubernetes, leadership, linux, lua, mercurial, microservices, natural language processing, neural networks, numpy, nuxt, oauth, problem solving, puppet, r, rest, restful, ruby, ruby on rails, rust, scrum, security, selenium, solid, sql, swiftui, tableau, uml, unit testing, unix, vue, vue.js, vuejs"
216,Database Administrator,"ai, communication, data analysis, data engineering, data pipeline, data visualization, data warehouse, dl, erp, r"
217,PHP Developer,"ai, ajax, amazon web services, angular, angularjs, api, apis, architecture, bdd, clean code, css, git, html, java, javascript, jquery, laravel, lua, mercurial, ml, oop, php, power bi, powershell, python, r, react, reactjs, rest, rest api, scala, security, svn, vue, vuejs, web3, webpack, websocket, xml"
218,Wordpress Developer,"ai, amazon web services, api, apis, architecture, bitbucket, css, cybersecurity, design patterns, git, github, github actions, gitlab, gitlab ci, go, html, java, javascript, jquery, json, junit, mercurial, ml, php, power bi, powershell, r, rest, restful, scikit-learn, security, solidity, sqlite, svn, system design, unit testing, vite, web3, webpack, websocket, xml"
219,Network Administrator,".net, ai, amazon web services, automation testing, communication, go, integration testing, power bi, powershell, problem solving, r, rest, security, unit testing, web3, webpack, websocket"
220,Network Administrator,"less, networking, neural networks, r, teamwork"
221,Java Developer,".net, agile, ai, amazon web services, analytical, angular, apache, apache spark, architecture, artificial intelligence, asp.net, automation testing, bitbucket, blockchain, bootstrap, c#, c++, cassandra, chai, chef, ci/cd, circleci, clean code, communication, computer vision, confluence, couchdb, crm, css, cybersecurity, cypress, data engineering, dl, docker, elasticsearch, erp, gcp, github actions, gitlab ci, go, google cloud, grpc, html, huggingface, integration testing, ionic, java, javascript, jest, jquery, json, machine learning, mercurial, microservices, ml, mocha, natural language processing, objective-c, opencv, oracle, power bi, powershell, pytest, pytorch, r, react, react native, react.js, reactjs, rest, rest api, restful, salesforce, scala, scikit-learn, scipy, scrum, security, sketch, solid, spacy, sql, sql server, statistics, svn, tcp/ip, typescript, unit testing, web3, webpack, websocket, xml"
222,Flutter Developer,"ai, amazon web services, automation testing, communication, computer vision, crm, dart, dynamodb, ethereum, figma, firebase, flutter, git, html, machine learning, mariadb, matlab, matplotlib, mercurial, microservices, ml, mocha, mongodb, mysql, networking, neural networks, numpy, oop, power bi, powershell, problem solving, r, scrum, selenium, system design, teamwork, terraform, transformers, uml, web3, webpack, websocket, xamarin, xml"
223,PHP Developer,"css, data warehouse, design patterns, git, html, illustrator, integration testing, java, javascript, laravel, ml, nosql, php, r, redis, rust, scala, security, sql"
224,Django Developer,"ai, amazon web services, api, architecture, automation testing, bitbucket, cybersecurity, data engineering, django, git, github, github actions, gitlab, gitlab ci, go, junit, power bi, powershell, python, r, rest, restful, scikit-learn, security, solidity, sqlite, unit testing, vite, web3, webpack, websocket"
225,Node js developer,"ai, amazon web services, dl, express, express.js, go, mongodb, mysql, opencv, php, power bi, powershell, r, sql, web3, webpack, websocket"
226,Django Developer,"ai, amazon web services, communication, css, data warehouse, django, git, go, html, java, javascript, ml, mysql, power bi, powershell, python, r, sap, solid, sql, web3, webpack, websocket"
227,Flutter Developer,"agile, ai, amazon web services, android, dart, flutter, go, ios, java, javascript, networking, neural networks, power bi, powershell, problem solving, r, react, rest, scala, teamwork, web3, webpack, websocket"
228,Wordpress Developer,"ai, ajax, apache, apache spark, api, apis, architecture, automation testing, chef, communication, css, design patterns, dl, elasticsearch, ethereum, git, go, html, integration testing, java, javascript, jquery, json, leadership, mercurial, ml, mysql, oop, perl, php, powershell, r, rest, restful, security, shell, sql, svn, system design, unit testing, xml"
229,Database Administrator,r
230,Network Administrator,"ai, dl, leadership, networking, r, scala"
231,Wordpress Developer,"adobe xd, api, apis, architecture, babel, bert, communication, css, cybersecurity, git, go, html, java, javascript, jquery, json, kubernetes, mercurial, ml, php, r, rest, restful, svn, xml"
232,Software Engineer,".net, api, design patterns, erp, go, r, solid, sql"
233,Backend Developer,"amazon web services, api, apis, architecture, aws, azure, bitbucket, communication, cybersecurity, django, git, github, github actions, gitlab, gitlab ci, go, golang, google cloud, junit, nodejs, php, power bi, powershell, r, rest, restful, scikit-learn, security, solidity, sqlite, unit testing, vite, web3, webpack, websocket"
234,Java Developer,"agile, ai, amazon web services, ansible, apache, architecture, aws, bitbucket, cassandra, ci/cd, communication, cybersecurity, design patterns, devops, docker, git, github, github actions, gitlab, gitlab ci, go, google cloud, hadoop, ios, java, javascript, jenkins, junit, kafka, microservices, ml, mongodb, mysql, networking, neural networks, nosql, oop, oracle, postgres, postgresql, power bi, powershell, r, rest, scala, scikit-learn, security, soap, solidity, spring, sql, sql server, sqlite, system design, teamwork, uml, unit testing, vite, web3, webpack, websocket"
235,DevOps Engineer,"ai, amazon web services, ansible, apache, artificial intelligence, aws, azure, ci/cd, circleci, devops, dl, git, gitlab ci, ios, jenkins, kubernetes, linux, microservices, mysql, networking, nginx, php, postgres, r, scikit-learn, scipy, sql"
236,Java Developer,".net, agile, ai, amazon web services, api, ci/cd, devops, erp, git, go, java, javascript, jira, mysql, oracle, php, plsql, power bi, powershell, python, r, rest, restful, scrum, sql, sql server, unit testing, web3, webpack, websocket"
237,Java Developer,".net, ai, analytical, api, asp.net, c#, clean code, communication, computer vision, confluence, couchdb, data analysis, data engineering, data pipeline, design patterns, erp, express, expressjs, go, html, java, kubernetes, leadership, machine learning, ml, neo4j, networking, neural networks, next.js, nextjs, objective-c, postgres, postgresql, problem solving, r, redis, rest, rest api, rust, scikit-learn, sql, system design, teamwork, xml"
238,Machine Learning,"ai, android, aws, azure, c++, computer vision, deep learning, erp, go, keras, machine learning, ml, numpy, python, pytorch, r, rest, solid, solidity, tensorflow"
239,DevOps Engineer,"agile, ai, amazon web services, analytical, angular, apache, apache spark, architecture, artificial intelligence, automation testing, aws, azure, bitbucket, blockchain, c#, c++, cassandra, chai, chef, ci/cd, circleci, clean code, communication, computer vision, confluence, couchdb, crm, css, cybersecurity, cypress, data warehouse, design patterns, devops, dl, docker, elasticsearch, gcp, git, github, github actions, gitlab, gitlab ci, google cloud, grpc, huggingface, illustrator, ionic, java, javascript, junit, machine learning, mercurial, microservices, mocha, natural language processing, objective-c, opencv, oracle, power bi, powershell, python, pytorch, r, react, react native, react.js, reactjs, rust, salesforce, scala, scikit-learn, scipy, scrum, security, shell, sketch, solidity, spacy, sql, sqlite, statistics, system design, tcp/ip, typescript, unit testing, vite, web3, webpack, websocket"
240,PHP Developer,"amazon web services, analytical, bootstrap, css, dl, html, java, javascript, jquery, ml, mysql, networking, neural networks, php, r, sass, sql, swiftui, teamwork, web3, webpack, websocket"
241,Flutter Developer,"flutter, go, html, java, javascript, jquery, json, ml, mysql, php, r, sql"
242,DevOps Engineer,".net, agile, ai, airflow, amazon web services, analytical, android, ansible, apache, apache spark, api, apis, architecture, artificial intelligence, automation testing, azure, bitbucket, blockchain, c#, c++, cassandra, chai, chef, ci/cd, circleci, clean code, communication, computer vision, confluence, couchdb, crm, css, cybersecurity, cypress, data analysis, data engineering, data pipeline, data visualization, data warehouse, deep learning, design patterns, devops, dl, docker, elasticsearch, fastapi, figma, firebase, gcp, git, github, github actions, gitlab, gitlab ci, google cloud, grpc, hive, huggingface, illustrator, integration testing, ionic, ios, javascript, jenkins, jira, junit, kotlin, leadership, linux, lua, machine learning, mariadb, matplotlib, mercurial, microservices, mocha, natural language processing, networking, nginx, objective-c, opencv, oracle, power bi, powershell, problem solving, python, pytorch, qa, r, rails, react, react native, react.js, reactjs, redis, rest, rest api, ruby on rails, rust, salesforce, scala, scikit-learn, scipy, scrum, security, selenium, sharepoint, shell, sketch, solid, solidity, spacy, spring, spring boot, sqlite, statistics, swift, swiftui, system design, tailwind, tcp/ip, typescript, unit testing, unix, vite, webpack, websocket, xamarin"
243,JavaScript Developer,"api, css, html, java, javascript, jquery, json, junit, microservices, ml, oop, r, rest, restful, unit testing, xml"
244,PHP Developer,"ai, amazon web services, css, data analysis, data engineering, data pipeline, data visualization, data warehouse, git, go, html, java, javascript, laravel, less, mercurial, ml, nosql, php, power bi, powershell, python, r, scala, sql, ssl, svn, web3, webpack, websocket"
245,Node js developer,"architecture, bitbucket, clean code, cybersecurity, git, github, github actions, gitlab, gitlab ci, go, junit, less, node.js, r, scikit-learn, security, solidity, sqlite, unit testing, vite"
246,Django Developer,"ai, amazon web services, api, bootstrap, communication, css, data analysis, data engineering, data pipeline, data visualization, data warehouse, django, erp, flask, go, html, integration testing, java, javascript, jquery, microservices, ml, mysql, objective-c, power bi, powershell, python, r, rest, rest api, scala, scikit-learn, sql, web3, webpack, websocket"
247,Full Stack Developer,"agile, ai, architecture, bitbucket, bootstrap, c++, communication, data visualization, express, go, java, javascript, jira, jquery, lua, mongodb, networking, node.js, oop, php, r, react, rest, restful, rust, security, sql"
248,Wordpress Developer,"ai, architecture, communication, css, git, go, html, java, javascript, jquery, mercurial, ml, r, svn"
249,Wordpress Developer,"api, clean code, css, design patterns, dl, html, java, javascript, jquery, ml, mysql, r, sql, system design"
250,PHP Developer,"ai, ajax, amazon web services, api, apis, automation testing, clean code, css, go, google cloud, html, integration testing, java, javascript, ml, php, power bi, powershell, pytest, r, scala, unit testing, web3, webpack, websocket"
251,Full Stack Developer,".net, ai, architecture, communication, go, mysql, oop, oracle, r, rest, sql, sql server, unit testing"
252,JavaScript Developer,"agile, amazon web services, analytical, automation testing, aws, communication, express, expressjs, go, http, https, java, javascript, linux, ml, mysql, natural language processing, networking, neural networks, oauth, oracle, power bi, powershell, python, qa, r, rest, scala, scrum, security, sql, teamwork, web3, webpack, websocket"
253,Java Developer,"ai, amazon web services, angular, architecture, data analysis, data engineering, data pipeline, data visualization, data warehouse, deep learning, design patterns, express, go, java, jquery, junit, machine learning, natural language processing, power bi, powershell, r, rest, rust, security, soap, spring, system design, unix, web3, webpack, websocket"
254,Software Engineer,"ai, api, apis, architecture, css, django, dl, fastapi, flask, git, github, go, html, http, https, integration testing, java, javascript, lua, machine learning, ml, mongodb, networking, neural networks, nosql, objective-c, oop, python, r, rest, restful, scala, scikit-learn, security, sharepoint, sql, tdd, teamwork, unit testing"
255,Flutter Developer,"android, api, apis, dart, flutter, git, java, json, kotlin, ml, objective-c, r, rest, restful, swift, xml"
256,Java Developer,"ai, amazon web services, api, apis, automation testing, design patterns, java, lua, networking, neural networks, r, rest, rest api, spring, swiftui, system design, teamwork, web3, webpack, websocket"
257,JavaScript Developer,"analytical, angular, bootstrap, communication, devops, go, html, java, javascript, linux, ml, mongodb, mysql, node.js, nosql, postgres, r, shell, sql, swiftui, unix"
258,DevOps Engineer,"architecture, devops, elasticsearch, git, networking, r"
259,iOS Developer,"ai, angular, angularjs, apache spark, api, architecture, artificial intelligence, blockchain, chai, dart, data warehouse, deep learning, elasticsearch, go, laravel, machine learning, mariadb, objective-c, pyspark, r, scikit-learn, sharepoint, sklearn, spark, swift, xamarin"
260,Wordpress Developer,"ai, ajax, architecture, css, html, java, javascript, ml, mysql, php, r, sql"
261,Full Stack Developer,"ai, aws, express, go, http, ios, mongodb, problem solving, r, react, spark"
262,Node js developer,"angular, angularjs, api, apis, css, go, google cloud, html, java, jquery, ml, mysql, nodejs, php, r, react, sql"
263,PHP Developer,"amazon web services, analytical, api, apis, css, html, java, javascript, jquery, ml, php, power bi, powershell, r, web3, webpack, websocket"
264,Backend Developer,"agile, ai, amazon web services, analytical, angular, api, apis, bootstrap, clean code, css, data analysis, design patterns, dynamodb, express, git, go, html, integration testing, java, javascript, jwt, microservices, ml, mongodb, mysql, node.js, nosql, oauth, power bi, powershell, r, react, reactjs, redis, rest, scala, security, sql, system design, unit testing, vue, vuejs, web3, webpack, websocket"
265,Full Stack Developer,"angular, angularjs, architecture, automation testing, azure, bitbucket, clean code, communication, computer vision, confluence, couchdb, cybersecurity, data visualization, data warehouse, deep learning, design patterns, devops, erp, ethereum, flutter, github, github actions, google cloud, huggingface, illustrator, jquery, junit, kubernetes, leadership, linux, lua, mercurial, natural language processing, neural networks, node.js, nodejs, numpy, nuxt, oauth, power bi, powershell, puppet, r, restful, ruby, ruby on rails, rust, scrum, security, selenium, swiftui, system design, tableau, uml, unit testing, unix, vue, vue.js, vuejs"
266,Machine Learning,"agile, ai, amazon web services, analytical, aws, azure, communication, data analysis, data engineering, data pipeline, data visualization, data warehouse, design patterns, dl, gcp, go, google cloud, hadoop, hive, java, machine learning, microservices, oop, power bi, powershell, pyspark, python, r, scala, shell, spark, sql, unix, web3, webpack, websocket"
267,Node js developer,"agile, ai, ajax, amazon web services, angular, api, apis, architecture, artificial intelligence, aws, bitbucket, ci/cd, circleci, clean code, css, cybersecurity, data warehouse, dl, express, express.js, expressjs, git, github, github actions, gitlab, gitlab ci, go, html, illustrator, java, javascript, jest, jquery, junit, linux, lua, ml, mocha, mongodb, mysql, networking, neural networks, node.js, nodejs, oop, postgres, postgresql, power bi, powershell, r, react, rest, rest api, rust, scikit-learn, scipy, security, solidity, sql, sqlite, ssl, svn, teamwork, terraform, transformers, unit testing, vite, web3, webpack, websocket"
268,Node js developer,"adobe xd, agile, ajax, amazon web services, analytical, angular, angularjs, babel, bash, css, express, expressjs, firebase, git, html, java, javascript, kanban, linux, microservices, ml, next.js, nextjs, nginx, node.js, nuxt, problem solving, r, scala, swiftui, teamwork, unix, xamarin, xml"
269,iOS Developer,"ai, objective-c, oop, r"
270,DevOps Engineer,"adobe xd, ai, amazon web services, ansible, architecture, artificial intelligence, automation testing, aws, bitbucket, chef, ci/cd, circleci, cybersecurity, data engineering, deep learning, design patterns, devops, dl, docker, erp, git, github, github actions, gitlab, gitlab ci, google cloud, java, jenkins, junit, k8s, kanban, leadership, less, machine learning, microservices, natural language processing, networking, neural networks, power bi, powershell, puppet, python, r, salesforce, sap, scala, scikit-learn, scipy, scrum, security, solid, solidity, sqlite, system design, teamwork, unit testing, vite, web3, webpack, websocket"
271,PHP Developer,"ajax, api, apis, css, dl, html, java, javascript, laravel, ml, php, r, vue"
272,iOS Developer,"ai, amazon web services, dl, ios, networking, objective-c, power bi, powershell, problem solving, r, rust, swift, web3, webpack, websocket"
273,iOS Developer,"ai, amazon web services, api, apis, data warehouse, git, github, go, illustrator, ios, power bi, powershell, problem solving, r, rest, restful, rust, solid, swift, swiftui, web3, webpack, websocket"
274,iOS Developer,"ai, clean code, communication, data warehouse, design patterns, go, illustrator, ios, lua, r, react, rust, solid, sql, sqlite, swift, swiftui"
275,iOS Developer,"ai, amazon web services, api, apis, communication, design patterns, firebase, git, go, ios, json, objective-c, power bi, powershell, problem solving, r, rest, scala, solid, sql, sqlite, swift, system design, web3, webpack, websocket"
276,iOS Developer,"api, communication, go, google cloud, ios, r, swift"
277,Software Engineer,"amazon web services, architecture, aws, bitbucket, c++, computer vision, cybersecurity, deep learning, git, github, github actions, gitlab, gitlab ci, go, http, https, java, junit, machine learning, microservices, natural language processing, python, r, scikit-learn, security, solidity, sqlite, unit testing, vite"
278,Software Engineer,"ai, amazon web services, analytical, ansible, api, artificial intelligence, automation testing, aws, ci/cd, circleci, communication, data analysis, data warehouse, design patterns, devops, docker, gitlab ci, go, http, https, illustrator, integration testing, ios, jenkins, linux, microservices, natural language processing, power bi, powershell, qa, r, rest, rest api, restful, rust, scikit-learn, scipy, scrum, security, solid, system design, tdd, teamwork, unit testing, unix, vite, web3, webpack, websocket"
279,Java Developer,"ai, amazon web services, architecture, bitbucket, clean code, css, cybersecurity, dl, git, github, github actions, gitlab, gitlab ci, go, html, integration testing, ios, java, javascript, jquery, junit, microservices, ml, power bi, powershell, r, sap, scikit-learn, security, solidity, spring, sqlite, unit testing, vagrant, vite, web3, webpack, websocket"
280,Java Developer,".net, agile, ai, amazon web services, analytical, apache, apache spark, api, architecture, artificial intelligence, automation testing, azure, bitbucket, blockchain, c#, c++, cassandra, chai, chef, ci/cd, circleci, clean code, communication, computer vision, confluence, couchdb, crm, css, cybersecurity, cypress, data warehouse, docker, elasticsearch, ethereum, express, expressjs, firebase, gcp, git, github actions, gitlab ci, go, google cloud, grpc, http, https, huggingface, integration testing, ionic, javascript, jenkins, linux, machine learning, mercurial, microservices, mocha, natural language processing, neural networks, objective-c, opencv, oracle, postgres, postgresql, power bi, powershell, pytest, pytorch, r, react, react native, react.js, reactjs, redis, rest, rest api, restful, salesforce, scala, scikit-learn, scipy, scrum, security, sharepoint, sketch, spacy, sql, sql server, statistics, svn, tcp/ip, trello, typescript, unit testing, web3, webpack, websocket"
281,JavaScript Developer,"amazon web services, api, architecture, aws, bitbucket, c++, communication, cybersecurity, dl, erp, git, github, github actions, gitlab, gitlab ci, go, java, javascript, junit, less, power bi, powershell, r, scikit-learn, security, solidity, sqlite, unit testing, vite, web3, webpack, websocket"
282,PHP Developer,"ai, angular, angularjs, api, apis, architecture, git, go, integration testing, laravel, mysql, php, r, sql"
283,Software Engineer,".net, c++, clean code, go, java, r"
284,Software Engineer,"agile, ai, amazon web services, api, architecture, c#, c++, css, design patterns, dl, elasticsearch, git, java, javascript, linux, lua, microservices, power bi, powershell, python, r, rest, scala, scrum, solid, spring, sql, sqlite, statistics, system design, web3, webpack, websocket"
285,Java Developer,"agile, ai, airflow, amazon web services, angular, architecture, artificial intelligence, bitbucket, blockchain, chai, cybersecurity, design patterns, git, github, github actions, gitlab, gitlab ci, go, java, junit, microservices, mongodb, power bi, powershell, r, react, reactjs, rust, scikit-learn, security, solidity, spring, spring boot, sqlite, system design, tensorflow, unit testing, vite, web3, webpack, websocket"
286,DevOps Engineer,"ai, ansible, architecture, artificial intelligence, aws, ci/cd, circleci, dl, docker, git, github, gitlab ci, go, google cloud, jenkins, kubernetes, linux, python, r, ruby, scikit-learn, scipy, terraform"
287,Database Administrator,"ai, communication, dl, go, less, r, rest, scala, security, sql, sql server"
288,Backend Developer,"agile, ai, amazon web services, api, apis, architecture, artificial intelligence, automation testing, azure, ci/cd, circleci, docker, git, github, gitlab, gitlab ci, go, golang, integration testing, microservices, networking, neural networks, nosql, objective-c, power bi, powershell, r, rest, restful, scala, scikit-learn, scipy, sql, swiftui, teamwork, unit testing, web3, webpack, websocket"
289,Wordpress Developer,"ai, api, apis, architecture, bitbucket, css, cybersecurity, design patterns, git, github, github actions, gitlab, gitlab ci, go, html, http, java, javascript, junit, ml, php, r, rest, rest api, restful, scikit-learn, security, solidity, sqlite, system design, unit testing, vite"
290,Backend Developer,"angular, api, bootstrap, css, git, html, json, ml, r"
291,Full Stack Developer,"ai, angular, angularjs, api, apis, architecture, automation testing, azure, bitbucket, communication, computer vision, confluence, couchdb, cybersecurity, data visualization, data warehouse, design patterns, dl, ethereum, express, flutter, git, github, github actions, google cloud, html, huggingface, illustrator, java, javascript, jquery, json, junit, kubernetes, less, linux, lua, mercurial, ml, natural language processing, neural networks, nodejs, numpy, nuxt, oauth, puppet, r, react, rest, restful, ruby, ruby on rails, rust, scrum, security, selenium, solid, swiftui, system design, tableau, uml, unit testing, unix, vue, vue.js, vuejs"
292,Machine Learning,"ai, amazon web services, api, artificial intelligence, communication, data analysis, data engineering, data pipeline, data visualization, data warehouse, deep learning, design patterns, erp, git, go, machine learning, natural language processing, power bi, powershell, python, r, solid, statistics, system design, web3, webpack, websocket"
293,JavaScript Developer,"ai, amazon web services, architecture, data warehouse, go, illustrator, java, javascript, microservices, networking, neural networks, nodejs, objective-c, power bi, powershell, r, rust, scikit-learn, teamwork, web3, webpack, websocket"
295,Node js developer,"ai, ajax, analytical, angular, angularjs, architecture, bitbucket, cassandra, computer vision, css, cybersecurity, design patterns, express, expressjs, git, github, github actions, gitlab, gitlab ci, go, html, integration testing, java, javascript, junit, ml, mongodb, mysql, node.js, nodejs, problem solving, r, scikit-learn, security, solidity, sql, sqlite, system design, unit testing, vite"
296,PHP Developer,"ai, ajax, amazon web services, api, bitbucket, css, dl, git, html, java, javascript, jquery, ml, mysql, php, power bi, powershell, r, rest, rest api, sql, web3, webpack, websocket"
297,Django Developer,"communication, css, django, go, html, java, javascript, ml, python, r, rest"
298,Flutter Developer,"ai, amazon web services, android, api, apis, flutter, git, ios, power bi, powershell, r, rest, swiftui, web3, webpack, websocket"
299,Wordpress Developer,"ajax, amazon web services, css, html, java, javascript, jquery, ml, mysql, power bi, powershell, r, sql, web3, webpack, websocket"
301,DevOps Engineer,"ai, amazon web services, ansible, api, artificial intelligence, automation testing, aws, ci/cd, circleci, clean code, data engineering, devops, dl, git, github, gitlab ci, integration testing, networking, neural networks, power bi, powershell, qa, r, scikit-learn, scipy, security, shell, sql, teamwork, terraform, unit testing, web3, webpack, websocket"
302,Database Administrator,"ai, dl, express, go, r, security, solid, ssl, teamwork, terraform, transformers"
303,Software Engineer,"ai, amazon web services, apache, api, apis, architecture, cassandra, communication, integration testing, java, kafka, microservices, power bi, powershell, python, r, rest, rest api, scala, web3, webpack, websocket"
304,Backend Developer,"ai, amazon web services, architecture, bitbucket, css, cybersecurity, elasticsearch, git, github, github actions, gitlab, gitlab ci, go, html, java, javascript, junit, ml, power bi, powershell, r, scikit-learn, security, solidity, sqlite, unit testing, vite, web3, webpack, websocket"
306,JavaScript Developer,"angular, architecture, aws, flutter, gcp, go, java, javascript, mongodb, node.js, r, react, react native, vue"
307,PHP Developer,"ai, amazon web services, architecture, bitbucket, crm, cybersecurity, erp, git, github, github actions, gitlab, gitlab ci, junit, laravel, php, power bi, powershell, r, scala, scikit-learn, security, solidity, sqlite, unit testing, vite, web3, webpack, websocket"
308,Full Stack Developer,"agile, ai, analytical, api, communication, devops, dl, docker, erp, git, go, html, java, javascript, jquery, less, lua, ml, mysql, objective-c, php, qa, r, rest, rest api, scikit-learn, scrum, security, sql"
309,iOS Developer,"api, communication, go, ios, json, networking, neural networks, r, rest, restful, security, swift, teamwork, unit testing"
310,Network Administrator,"ai, express, expressjs, less, r, security"
311,Wordpress Developer,"ajax, amazon web services, angularjs, communication, css, expressjs, go, html, jquery, json, ml, next.js, nextjs, node.js, nodejs, php, power bi, powershell, r, react.js, reactjs, solid, vue.js, vuejs, web3, webpack, websocket"
312,JavaScript Developer,"agile, ai, ajax, analytical, angular, angular.js, angularjs, bootstrap, communication, css, dl, html, ionic, java, javascript, jquery, ml, networking, neural networks, problem solving, r, react, react.js, rest, restful, teamwork, typescript"
313,Java Developer,"agile, ai, amazon web services, architecture, bitbucket, computer vision, cybersecurity, data warehouse, git, github, github actions, gitlab, gitlab ci, go, google cloud, illustrator, java, javascript, jquery, junit, kanban, lua, power bi, powershell, r, rust, salesforce, scikit-learn, scrum, security, solidity, sqlite, unit testing, vite, web3, webpack, websocket"
314,Full Stack Developer,"ai, angular, angularjs, api, architecture, bootstrap, cassandra, design patterns, devops, express, git, go, html, java, javascript, jquery, ml, mongodb, mysql, node.js, nodejs, oop, oracle, r, redis, rest, rest api, restful, scala, solid, sql, typescript, unit testing"
315,Django Developer,"api, apis, architecture, css, django, dl, git, go, html, java, javascript, jquery, ml, python, r, svn, teamwork, terraform, transformers"
316,Machine Learning,"ai, amazon web services, architecture, bitbucket, cybersecurity, data warehouse, design patterns, dl, git, github, github actions, gitlab, gitlab ci, go, illustrator, junit, machine learning, ml, oop, power bi, powershell, python, r, rust, sass, scikit-learn, security, solidity, sql, sqlite, statistics, system design, unit testing, vite, web3, webpack, websocket"
317,Django Developer,"ai, amazon web services, angular, angularjs, api, apis, architecture, bitbucket, css, cybersecurity, data engineering, data warehouse, design patterns, django, elasticsearch, git, github, github actions, gitlab, gitlab ci, go, html, illustrator, java, javascript, junit, leadership, linux, ml, mysql, nuxt, postgres, postgresql, power bi, powershell, python, r, rust, scala, scikit-learn, security, solidity, sql, sqlite, statistics, swiftui, system design, unit testing, vite, web3, webpack, websocket"
318,iOS Developer,"amazon web services, git, go, integration testing, ios, power bi, powershell, r, web3, webpack, websocket"
319,Software Engineer,"ai, android, architecture, communication, go, java, kotlin, qa, r, react, redis, solidity, unit testing"
320,Wordpress Developer,"agile, integration testing, oop, r, security"
321,Java Developer,"agile, ai, apache, apache spark, api, apis, architecture, automation testing, aws, bootstrap, chef, clean code, design patterns, erp, ethereum, google cloud, hadoop, integration testing, java, oop, powershell, pytest, qa, r, rest, shell, soap, spring, spring boot, system design, unit testing"
322,Backend Developer,"ai, api, apis, bootstrap, css, django, go, html, less, ml, mysql, postgres, python, r, redis, rest, rest api, sass, sql, terraform, transformers"
324,Django Developer,"ai, api, apis, automation testing, aws, communication, css, django, go, html, integration testing, java, javascript, jquery, keras, machine learning, matplotlib, ml, mysql, numpy, pandas, pytest, python, pytorch, r, rest, rest api, scala, scikit-learn, scipy, sql, tensorflow, unit testing"
325,Database Administrator,".net, adobe xd, agile, ai, amazon web services, angular, angularjs, ansible, apache, apache spark, architecture, artificial intelligence, asp.net, automation testing, aws, azure, babel, bert, bitbucket, blockchain, chai, chef, circleci, clean code, communication, computer vision, confluence, couchdb, cybersecurity, cypress, data engineering, data pipeline, data visualization, data warehouse, deep learning, design patterns, devops, docker, elasticsearch, erp, ethereum, etl, express, expressjs, firebase, flutter, github, github actions, go, google cloud, hadoop, hive, huggingface, illustrator, integration testing, jenkins, jest, jquery, junit, keras, kubernetes, laravel, leadership, less, linux, lua, machine learning, mercurial, microservices, mocha, natural language processing, neo4j, networking, neural networks, next.js, nextjs, node.js, nodejs, numpy, nuxt, oauth, objective-c, opencv, oracle, perl, postgres, postgresql, power bi, powershell, problem solving, puppet, pytest, r, react, react native, react.js, reactjs, redis, rest, rest api, restful, ruby, ruby on rails, rust, salesforce, scikit-learn, scrum, seaborn, security, selenium, sharepoint, shell, sketch, sklearn, sql, sql server, sqlite, svelte, swiftui, system design, tableau, teamwork, tensorflow, terraform, transformers, trello, typescript, uml, unit testing, unix, vite, vue, vue.js, vuejs, web3, webpack, websocket"
326,Machine Learning,"ai, analytical, artificial intelligence, c++, communication, computer vision, data engineering, deep learning, design patterns, dl, erp, go, java, machine learning, ml, natural language processing, networking, neural networks, nlp, problem solving, python, r, solid, system design, teamwork"
327,Network Administrator,"ai, amazon web services, analytical, communication, git, go, networking, neural networks, power bi, powershell, r, sap, teamwork, web3, webpack, websocket"
328,Backend Developer,"ai, amazon web services, api, apis, architecture, automation testing, aws, communication, css, design patterns, dl, elasticsearch, go, integration testing, java, json, kafka, leadership, less, lua, microservices, mongodb, mysql, objective-c, power bi, powershell, problem solving, r, rest, rest api, restful, salesforce, sap, scala, scikit-learn, solid, spring, springboot, sql, statistics, system design, unit testing, web3, webpack, websocket"
329,Software Engineer,"agile, ai, amazon web services, architecture, artificial intelligence, automation testing, bitbucket, communication, computer vision, cybersecurity, data pipeline, data warehouse, design patterns, flutter, git, github, github actions, gitlab, gitlab ci, go, illustrator, integration testing, javascript, junit, kubernetes, leadership, networking, power bi, powershell, pytest, python, r, rust, scikit-learn, scipy, security, solidity, sqlite, svelte, swift, swiftui, system design, tcp/ip, teamwork, tensorflow, terraform, typescript, unit testing, vite, web3, webpack, websocket"
330,Machine Learning,"ai, amazon web services, architecture, data pipeline, go, machine learning, ml, power bi, powershell, r, web3, webpack, websocket"
331,Network Administrator,"ai, amazon web services, communication, data engineering, less, microservices, networking, neural networks, r, security, solid, teamwork"
332,Flutter Developer,"ai, amazon web services, android, api, apis, architecture, artificial intelligence, bitbucket, ci/cd, circleci, clean code, cybersecurity, data analysis, data engineering, data pipeline, data visualization, data warehouse, design patterns, dl, firebase, flutter, git, github, github actions, gitlab, gitlab ci, ios, junit, r, rest, scala, scikit-learn, scipy, security, solidity, sql, sqlite, swiftui, system design, unit testing, vite, web3, webpack, websocket"
333,Full Stack Developer,".net, agile, ai, angular, api, architecture, communication, dl, etl, go, integration testing, r, react, rest, scrum, security, sql, sql server, teamwork"
335,Software Engineer,".net, ai, amazon web services, analytical, apache, apache spark, api, architecture, artificial intelligence, automation testing, bitbucket, blockchain, c#, c++, cassandra, chai, chef, ci/cd, circleci, clean code, communication, computer vision, confluence, couchdb, crm, css, cybersecurity, cypress, docker, elasticsearch, gcp, github actions, gitlab ci, google cloud, grpc, huggingface, ionic, javascript, less, machine learning, mercurial, microservices, mocha, natural language processing, objective-c, opencv, oracle, pytorch, r, react, react native, react.js, reactjs, salesforce, scala, scikit-learn, scipy, scrum, security, selenium, sketch, spacy, statistics, tcp/ip, typescript, webpack, websocket"
336,Machine Learning,".net, amazon web services, android, angular, angularjs, api, apis, architecture, automation testing, aws, c++, communication, couchdb, css, dynamodb, elasticsearch, erp, go, html, integration testing, ios, java, javascript, kubernetes, linux, lua, machine learning, mariadb, ml, mongodb, mysql, networking, neural networks, node.js, nosql, postgres, power bi, powershell, r, react, react native, redis, rest, restful, ruby, security, sql, unit testing, web3, webpack, websocket"
337,Machine Learning,"agile, ai, airflow, amazon web services, analytical, android, ansible, apache, apache spark, api, apis, architecture, artificial intelligence, automation testing, aws, bert, bitbucket, blockchain, chai, chef, ci/cd, circleci, communication, computer vision, cybersecurity, data analysis, data engineering, data pipeline, data visualization, data warehouse, deep learning, design patterns, elasticsearch, ethereum, fastapi, figma, firebase, git, github, github actions, gitlab, gitlab ci, go, hive, huggingface, illustrator, integration testing, ionic, ios, javascript, jenkins, jira, junit, keras, kotlin, leadership, linux, lua, machine learning, mariadb, matplotlib, mercurial, microservices, ml, natural language processing, networking, neural networks, nginx, nlp, nltk, numpy, objective-c, pandas, power bi, powershell, problem solving, python, r, rails, react native, redis, rest api, ruby on rails, scikit-learn, scipy, seaborn, security, selenium, sharepoint, shell, solid, solidity, spacy, spring, spring boot, sql, sqlite, statistics, swift, swiftui, system design, tailwind, tcp/ip, tensorflow, typescript, unit testing, unix, vite, web3, webpack, websocket, xamarin"
338,Flutter Developer,"android, firebase, flutter, ios, r"
339,Software Engineer,"ai, android, c++, communication, design patterns, go, ios, java, javascript, laravel, linux, r, system design, unit testing"
340,Software Engineer,"ai, analytical, data analysis, design patterns, go, integration testing, qa, r, system design"
341,Django Developer,"agile, ai, amazon web services, architecture, aws, bitbucket, css, cybersecurity, design patterns, django, express, git, github, github actions, gitlab, gitlab ci, go, html, junit, ml, power bi, powershell, problem solving, python, r, react, sap, scikit-learn, security, solidity, sqlite, system design, unit testing, vite, web3, webpack, websocket"
342,JavaScript Developer,"adobe xd, ai, angular, api, apis, css, git, html, java, javascript, jest, jquery, less, ml, nodejs, r, react, rest, rest api, sass, scala, security, typescript, vue, webpack"
343,Database Administrator,"ai, chai, go, less, r"
344,Software Engineer,"agile, ai, amazon web services, api, architecture, automation testing, bdd, chai, communication, cybersecurity, data pipeline, design patterns, dl, erp, git, go, integration testing, ios, leadership, microservices, natural language processing, photoshop, postgres, postgresql, power bi, powershell, problem solving, r, rust, scala, scrum, security, swift, system design, tdd, unit testing, web3, webpack, websocket"
345,iOS Developer,"ai, amazon web services, api, apis, architecture, design patterns, elasticsearch, git, go, ios, mercurial, microservices, networking, objective-c, r, react, rest, scikit-learn, security, soap, sql, svn, swift"
347,Backend Developer,".net, ai, amazon web services, api, asp.net, bootstrap, css, data analysis, data engineering, data pipeline, data visualization, data warehouse, dl, html, java, javascript, ml, oop, php, power bi, powershell, python, r, security, solid, web3, webpack, websocket"
348,Network Administrator,"ai, amazon web services, networking, r, security, web3, webpack, websocket"
349,JavaScript Developer,"ai, amazon web services, angularjs, apache, apache spark, api, apis, asp.net, blockchain, bootstrap, clean code, communication, computer vision, css, cypress, data pipeline, data warehouse, deep learning, design patterns, devops, elasticsearch, erp, express, expressjs, fastapi, gcp, go, gpt, graphql, grpc, hadoop, html, http, https, illustrator, java, javascript, json, leadership, matplotlib, ml, natural language processing, next.js, nextjs, nlp, node.js, nodejs, numpy, objective-c, oop, opencv, pandas, perl, photoshop, php, plotly, plsql, postgres, postgresql, power bi, powershell, problem solving, puppet, pyspark, pytest, python, pytorch, r, react, react.js, reactjs, rest, rest api, rust, sap, scala, scikit-learn, scipy, sharepoint, shell, soap, solid, spacy, spark, spring, spring boot, swiftui, tcp/ip, typescript, uml, vue.js, vuejs, web3, webpack, websocket"
350,Machine Learning,"ai, architecture, bitbucket, cybersecurity, data analysis, data engineering, data pipeline, data visualization, data warehouse, dl, erp, git, github, github actions, gitlab, gitlab ci, go, junit, machine learning, ml, r, scikit-learn, security, solidity, sqlite, statistics, unit testing, vite"
351,Full Stack Developer,"agile, ai, angular, angularjs, data warehouse, elasticsearch, express, go, html, illustrator, java, javascript, ml, mongodb, networking, neural networks, nosql, postgres, qa, r, redis, rust, sql, teamwork"
352,Software Engineer,"ai, analytical, automation testing, communication, data engineering, go, integration testing, java, linux, natural language processing, pytest, python, r, rest, selenium, shell, soap, sql, unit testing"
353,Software Engineer,"ai, amazon web services, angularjs, ansible, apache spark, apis, asana, asp.net, automation testing, aws, bash, bootstrap, cassandra, communication, computer vision, css, cybersecurity, cypress, data analysis, data visualization, data warehouse, design patterns, devops, elasticsearch, express, expressjs, fastapi, firebase, flask, gatsby, github actions, https, illustrator, integration testing, ios, javascript, jenkins, jest, json, k8s, keras, kubernetes, leadership, less, microservices, mysql, natural language processing, neural networks, next.js, nextjs, node.js, nodejs, pandas, photoshop, plsql, postgres, postgresql, power bi, powershell, problem solving, pyspark, pytest, r, rails, react.js, reactjs, redis, rest, rest api, restful, ruby on rails, rust, salesforce, sap, sass, scala, scikit-learn, scipy, scrum, seaborn, security, selenium, sharepoint, shell, sketch, sklearn, soap, solid, solidity, spacy, spark, spring, spring boot, sql, sql server, sqlite, ssl, statistics, svelte, svn, swift, swiftui, system design, tensorflow, transformers, tsql, typescript, unit testing, vue.js, vuejs, web3, webpack, websocket"
354,DevOps Engineer,"ai, api, apis, artificial intelligence, aws, ci/cd, circleci, data engineering, devops, gitlab ci, jenkins, kubernetes, machine learning, ml, python, r, scikit-learn, scipy, terraform"
355,Machine Learning,"ai, analytical, data visualization, design patterns, erp, go, machine learning, matlab, neural networks, python, r, sql, tableau"
356,Django Developer,"ai, amazon web services, clean code, data engineering, data warehouse, django, flask, go, html, illustrator, java, javascript, ml, power bi, powershell, python, r, rust, scala, security, terraform, transformers, web3, webpack, websocket"
357,Java Developer,"ai, analytical, data analysis, data engineering, data pipeline, data visualization, data warehouse, erp, etl, go, hadoop, ios, java, javascript, ml, oop, problem solving, python, r, sass, scala, security, sql, statistics, xml"
358,JavaScript Developer,"ai, angular, angularjs, api, chai, communication, css, expressjs, html, java, javascript, json, ml, next.js, nextjs, node.js, nodejs, oop, r, react.js, reactjs, rest, restful, tdd, vue.js, vuejs"
359,Flutter Developer,"amazon web services, analytical, android, communication, flutter, go, problem solving, r, rest, restful"
360,Machine Learning,"ai, api, artificial intelligence, computer vision, deep learning, go, google cloud, keras, less, machine learning, ml, networking, neural networks, nlp, python, pytorch, r, teamwork, tensorflow"
361,Full Stack Developer,"ai, angular, angularjs, api, apis, c++, communication, go, golang, java, kubernetes, nodejs, r, rest, restful, solid"
363,PHP Developer,"ai, css, go, html, ml, php, r"
364,DevOps Engineer,"ai, amazon web services, api, apis, architecture, data pipeline, data warehouse, devops, dl, erp, express, fastapi, git, go, http, https, illustrator, lua, microservices, natural language processing, power bi, powershell, problem solving, r, rest, rest api, rust, security, web3, webpack, websocket"
365,Database Administrator,"ai, data analysis, data engineering, data pipeline, data visualization, data warehouse, qa, r, sql, sql server"
366,Software Engineer,"agile, ai, api, architecture, automation testing, clean code, communication, deep learning, design patterns, dl, erp, github actions, go, integration testing, ios, kanban, lua, machine learning, problem solving, pytest, r, react, react native, react.js, reactjs, scikit-learn, scrum, sklearn, system design, teamwork, unit testing"
367,DevOps Engineer,"ai, artificial intelligence, automation testing, aws, azure, bash, ci/cd, circleci, design patterns, devops, gitlab ci, go, google cloud, integration testing, leadership, less, postgres, postgresql, powershell, r, scala, scikit-learn, scipy, shell, solid, sql, system design, unit testing"
368,PHP Developer,"c++, clean code, communication, css, dl, html, java, javascript, ml, photoshop, php, r"
369,Django Developer,"amazon web services, data warehouse, django, go, illustrator, networking, neural networks, power bi, powershell, python, r, rust, teamwork, web3, webpack, websocket"
370,Django Developer,"ai, analytical, architecture, communication, deep learning, go, machine learning, networking, neural networks, python, r, sap, scala, teamwork"
371,Network Administrator,"ai, amazon web services, automation testing, devops, erp, go, integration testing, leadership, linux, networking, neural networks, power bi, powershell, python, r, rest, unit testing, web3, webpack, websocket"
372,Django Developer,"ai, api, css, data analysis, data engineering, data pipeline, data visualization, data warehouse, django, go, html, java, javascript, jquery, ml, networking, neural networks, python, r, rest, restapi, scala, teamwork"
373,Full Stack Developer,"ai, angular, angularjs, api, apis, architecture, automation testing, azure, bitbucket, communication, computer vision, confluence, couchdb, cybersecurity, data pipeline, data visualization, data warehouse, ethereum, flutter, github, github actions, go, google cloud, html, huggingface, illustrator, integration testing, java, javascript, jquery, junit, kubernetes, linux, lua, mercurial, ml, natural language processing, networking, neural networks, numpy, nuxt, oauth, puppet, r, rails, rest, restful, ruby, ruby on rails, rust, scrum, security, selenium, swiftui, tableau, teamwork, uml, unit testing, unix, vue, vue.js, vuejs"
374,Network Administrator,"ai, data pipeline, javascript, leadership, networking, r, sap, scipy, security, tcp/ip, typescript"
375,Flutter Developer,"ai, api, flutter, r"
376,DevOps Engineer,"agile, ai, ajax, amazon web services, api, apis, aws, azure, communication, css, data engineering, data warehouse, devops, docker, erp, gcp, git, go, google cloud, html, illustrator, java, javascript, kubernetes, ml, power bi, powershell, r, rest, restful, rust, scala, web3, webpack, websocket"
377,PHP Developer,"ai, ajax, automation testing, css, go, html, integration testing, java, javascript, ml, php, pytest, r, unit testing"
378,Flutter Developer,".net, android, api, asp.net, flutter, git, go, java, json, networking, neural networks, next.js, node.js, nodejs, oop, r, react.js, rest, sql, sqlite, teamwork, vue.js"
379,Full Stack Developer,"agile, ai, angular, angularjs, architecture, automation testing, aws, azure, bitbucket, communication, computer vision, confluence, couchdb, cybersecurity, data visualization, data warehouse, dl, ethereum, flutter, git, github, github actions, go, google cloud, html, huggingface, illustrator, java, javascript, jenkins, jquery, junit, kubernetes, linux, lua, mercurial, ml, mysql, natural language processing, neural networks, numpy, nuxt, oauth, puppet, r, rails, rest, restful, ruby, ruby on rails, rust, scala, scrum, security, selenium, sql, swiftui, tableau, teamwork, uml, unit testing, unix, vue, vue.js, vuejs"
380,Flutter Developer,"analytical, android, api, flutter, go, problem solving, r, rest, restful"
381,Django Developer,"ai, amazon web services, api, apis, data pipeline, django, erp, github actions, go, power bi, powershell, python, r, scala, security, solid, sql, swiftui, web3, webpack, websocket"
382,Network Administrator,"agile, ai, amazon web services, architecture, dl, git, go, ios, microservices, networking, problem solving, r"
383,Software Engineer,".net, amazon web services, analytical, angular, apache, apache spark, api, architecture, artificial intelligence, asp.net, azure, bitbucket, blockchain, c#, c++, cassandra, chai, chef, ci/cd, circleci, clean code, communication, computer vision, confluence, couchdb, crm, css, cybersecurity, cypress, dl, docker, elasticsearch, gcp, git, github actions, gitlab ci, google cloud, grpc, html, huggingface, ionic, java, javascript, jquery, machine learning, mercurial, microservices, ml, mocha, natural language processing, objective-c, opencv, oracle, power bi, powershell, pytorch, r, react, react native, react.js, reactjs, salesforce, scala, scikit-learn, scipy, scrum, security, sketch, spacy, sql, sql server, statistics, tcp/ip, typescript, web3, webpack, websocket"
385,Java Developer,"agile, ai, ajax, analytical, angular, api, architecture, artificial intelligence, automation testing, azure, bitbucket, ci/cd, circleci, clean code, communication, css, cybersecurity, design patterns, devops, dl, erp, git, github, github actions, gitlab, gitlab ci, go, html, integration testing, java, javascript, jenkins, json, junit, jwt, leadership, ml, mysql, networking, neural networks, oauth, objective-c, oracle, pytest, r, rest, scala, scikit-learn, scipy, security, selenium, soap, solidity, sql, sqlite, ssl, system design, teamwork, unit testing, vite, xml"
386,Node js developer,"ai, couchdb, dynamodb, go, mariadb, mongodb, node.js, nodejs, r, typescript"
387,Network Administrator,"ai, express, expressjs, less, networking, r"
388,Node js developer,"ai, angular, architecture, css, express, express.js, git, go, html, java, javascript, jenkins, jquery, ml, mongodb, mysql, node.js, r, react, rest, restful, sql"
389,Backend Developer,"design patterns, java, r, spring, sql"
390,Node js developer,"agile, ai, amazon web services, angular, apache, apache spark, api, apis, architecture, bootstrap, clean code, css, data warehouse, design patterns, dl, express, git, github, go, hadoop, hive, html, illustrator, java, javascript, junit, kafka, less, ml, natural language processing, node.js, nodejs, objective-c, oop, power bi, powershell, python, r, react, rest, restful, rust, scala, scikit-learn, scrum, shell, solid, spark, spring, spring boot, sql, system design, unit testing, unix, web3, webpack, websocket"
391,Wordpress Developer,"amazon web services, api, communication, css, html, java, javascript, jquery, ml, php, power bi, powershell, r, rest, rest api, web3, webpack, websocket"
392,Node js developer,"agile, angularjs, api, apis, architecture, aws, azure, clean code, communication, couchdb, devops, dl, docker, dynamodb, express, expressjs, git, go, jest, json, less, mongodb, mysql, next.js, nextjs, node.js, nodejs, nosql, php, r, react.js, reactjs, rest, rest api, scrum, security, sql, unit testing, vue.js, vuejs"
393,DevOps Engineer,".net, amazon web services, analytical, apache, apache spark, api, architecture, artificial intelligence, asp.net, azure, bitbucket, blockchain, c#, c++, cassandra, chai, chef, ci/cd, circleci, clean code, communication, computer vision, confluence, couchdb, crm, css, cybersecurity, cypress, data engineering, design patterns, devops, dl, docker, elasticsearch, erp, gcp, git, github actions, gitlab ci, google cloud, grpc, huggingface, ionic, javascript, machine learning, mercurial, microservices, ml, mocha, natural language processing, objective-c, opencv, oracle, pytorch, r, react, react native, react.js, reactjs, rest, salesforce, scala, scikit-learn, scipy, scrum, security, sketch, spacy, sql, sql server, statistics, tcp/ip, typescript, webpack, websocket"
395,Java Developer,"agile, ai, airflow, amazon web services, analytical, android, ansible, api, apis, architecture, artificial intelligence, automation testing, bitbucket, blockchain, chai, ci/cd, circleci, communication, computer vision, cybersecurity, data analysis, data engineering, data pipeline, data visualization, data warehouse, deep learning, design patterns, elasticsearch, fastapi, figma, firebase, git, github, github actions, gitlab, gitlab ci, go, hive, huggingface, illustrator, integration testing, ionic, ios, java, javascript, jenkins, jira, junit, kotlin, leadership, linux, machine learning, mariadb, matplotlib, mercurial, microservices, natural language processing, networking, neural networks, nginx, objective-c, power bi, powershell, problem solving, r, rails, react native, redis, rest api, ruby on rails, rust, scala, scikit-learn, scipy, security, selenium, sharepoint, solid, solidity, spring, spring boot, sqlite, statistics, swift, swiftui, system design, tailwind, tcp/ip, teamwork, typescript, unit testing, unix, vite, web3, webpack, websocket, xamarin"
396,PHP Developer,"amazon web services, css, html, java, javascript, jquery, laravel, ml, php, power bi, powershell, r, vue, vue.js, web3, webpack, websocket"
397,JavaScript Developer,"ai, angular, api, architecture, communication, crm, css, dl, go, html, java, javascript, jquery, json, ml, node.js, nodejs, php, r, salesforce, security, swiftui, vue, vue.js, xml"
398,Node js developer,"ai, amazon web services, api, architecture, express, go, java, javascript, mongodb, networking, neural networks, power bi, powershell, r, react, react.js, redis, rust, teamwork, web3, webpack, websocket"
399,Full Stack Developer,"agile, ai, angular, angularjs, architecture, automation testing, aws, azure, bitbucket, chai, communication, computer vision, confluence, couchdb, cybersecurity, data pipeline, data visualization, data warehouse, ethereum, flutter, github, github actions, google cloud, html, huggingface, illustrator, java, javascript, jquery, junit, kubernetes, linux, lua, mercurial, ml, mocha, natural language processing, neural networks, numpy, nuxt, oauth, puppet, r, react, restful, ruby, ruby on rails, rust, scrum, security, selenium, solid, spring, swiftui, tableau, teamwork, uml, unit testing, unix, vue, vue.js, vuejs"
400,Full Stack Developer,"ai, communication, data analysis, data engineering, data pipeline, data visualization, data warehouse, dl, git, go, html, http, ios, java, javascript, jquery, leadership, ml, php, python, r, ruby, sap, teamwork"
401,Java Developer,"ai, amazon web services, angular, java, networking, neural networks, postgres, power bi, powershell, r, react, reactjs, rest, spring, spring boot, sql, teamwork, web3, webpack, websocket"
402,Wordpress Developer,"api, apis, go, oop, php, r, rest, rest api"
403,JavaScript Developer,".net, ai, amazon web services, angular, asp.net, c#, css, dl, git, go, html, java, javascript, ml, objective-c, power bi, powershell, r, sass, scikit-learn, web3, webpack, websocket"
404,Django Developer,"agile, amazon web services, api, apis, architecture, bootstrap, communication, css, django, flask, git, go, html, java, javascript, jquery, linux, ml, mysql, python, r, rest, rest api, scrum, sql, xml"
405,Machine Learning,"ai, analytical, aws, azure, communication, computer vision, deep learning, dl, erp, go, kubernetes, machine learning, python, pytorch, r, statistics, tensorflow"
407,JavaScript Developer,"agile, ai, amazon web services, angular, api, architecture, aws, bitbucket, crm, cybersecurity, data warehouse, elasticsearch, erp, git, github, github actions, gitlab, gitlab ci, go, grpc, illustrator, java, javascript, junit, kafka, kanban, kubernetes, mongodb, nodejs, objective-c, power bi, powershell, r, rest, rest api, rust, sap, scala, scikit-learn, scrum, security, solidity, spring, spring boot, sqlite, unit testing, vite, web3, webpack, websocket"
408,DevOps Engineer,"analytical, aws, communication, devops, docker, go, jenkins, kubernetes, linux, r, shell"
409,Java Developer,"ajax, amazon web services, architecture, automation testing, css, data pipeline, design patterns, dl, erp, go, html, http, integration testing, java, javascript, jquery, json, junit, leadership, ml, mysql, oracle, power bi, powershell, python, r, rest, scala, scipy, soap, spring, sql, sql server, system design, tcp/ip, tdd, typescript, unit testing, web3, webpack, websocket, xml"
410,PHP Developer,"ai, amazon web services, api, architecture, clean code, communication, computer vision, confluence, couchdb, css, data engineering, data warehouse, go, html, illustrator, java, javascript, jquery, laravel, lua, ml, mysql, objective-c, php, power bi, powershell, r, rest, rest api, rust, scikit-learn, solid, sql, vue, vue.js, web3, webpack, websocket"
411,Backend Developer,"ai, amazon web services, analytical, api, architecture, aws, azure, bitbucket, c++, chai, cybersecurity, data engineering, docker, git, github, github actions, gitlab, gitlab ci, go, http, https, integration testing, java, junit, mysql, networking, neural networks, power bi, powershell, r, rest, rest api, scikit-learn, security, solidity, sql, sqlite, teamwork, unit testing, vite, web3, webpack, websocket"
412,Network Administrator,"ai, amazon web services, architecture, automation testing, aws, bitbucket, communication, cybersecurity, data pipeline, git, github, github actions, gitlab, gitlab ci, go, http, integration testing, javascript, junit, leadership, linux, lua, mysql, networking, neural networks, php, power bi, powershell, r, sap, scikit-learn, scipy, security, solidity, sql, sqlite, tcp/ip, teamwork, typescript, unit testing, vite, web3, webpack, websocket"
413,DevOps Engineer,"agile, ai, amazon web services, android, ansible, api, apis, architecture, artificial intelligence, automation testing, aws, bitbucket, chef, ci/cd, circleci, clean code, cybersecurity, data engineering, devops, docker, dynamodb, git, github, github actions, gitlab, gitlab ci, integration testing, ios, jenkins, junit, kubernetes, linux, microservices, networking, neural networks, nginx, node.js, nosql, power bi, powershell, problem solving, puppet, qa, r, scikit-learn, scipy, security, solidity, sql, sql server, sqlite, unit testing, vite, web3, webpack, websocket"
414,PHP Developer,"ai, ajax, api, architecture, bitbucket, bootstrap, css, cybersecurity, dl, git, github, github actions, gitlab, gitlab ci, html, java, javascript, jquery, json, junit, ml, mysql, networking, neural networks, photoshop, php, r, rest, restful, scikit-learn, security, solidity, sql, sqlite, teamwork, unit testing, vite"
415,Machine Learning,"ai, amazon web services, analytical, architecture, bitbucket, communication, cybersecurity, data analysis, data engineering, data pipeline, data visualization, data warehouse, design patterns, dl, erp, git, github, github actions, gitlab, gitlab ci, go, junit, leadership, less, linux, lua, machine learning, ml, natural language processing, nuxt, power bi, powershell, python, r, scala, scikit-learn, security, solidity, sql, sqlite, statistics, system design, teamwork, unit testing, vite, web3, webpack, websocket"
416,Flutter Developer,"ai, api, communication, dart, flutter, go, java, javascript, r, rest, rest api"
417,PHP Developer,"ai, ajax, api, apis, aws, bootstrap, clean code, css, dl, git, go, html, java, javascript, jquery, laravel, machine learning, ml, mysql, networking, neural networks, php, r, rest, restful, shell, sql, teamwork"
418,iOS Developer,"ai, amazon web services, architecture, bitbucket, clean code, communication, computer vision, cybersecurity, data visualization, design patterns, erp, git, github, github actions, gitlab, gitlab ci, go, ios, junit, microservices, ml, objective-c, photoshop, problem solving, r, scikit-learn, security, solidity, sqlite, swift, swiftui, system design, unit testing, vite"
419,Software Engineer,"agile, ai, analytical, api, apis, communication, css, data engineering, elasticsearch, go, java, kafka, microservices, mongodb, networking, neural networks, nosql, oop, r, rest, rest api, scala, spring, spring boot, sql, statistics, teamwork"
420,Network Administrator,"agile, ai, automation testing, clean code, design patterns, integration testing, r, sap, scrum, system design, unit testing"
421,Node js developer,"design patterns, erp, java, javascript, nodejs, r, system design"
422,Java Developer,"ai, amazon web services, api, architecture, bitbucket, cybersecurity, data analysis, data engineering, data pipeline, data visualization, data warehouse, design patterns, dl, erp, git, github, github actions, gitlab, gitlab ci, go, illustrator, integration testing, java, junit, less, linux, networking, neural networks, power bi, powershell, r, rest, rust, scala, scikit-learn, security, shell, solidity, spring, spring boot, sql, sql server, sqlite, teamwork, unit testing, vite, web3, webpack, websocket"
423,Backend Developer,"ai, api, architecture, clean code, communication, computer vision, confluence, couchdb, css, data engineering, html, java, javascript, laravel, linux, lua, ml, mysql, nuxt, objective-c, php, r, rest, rest api, scikit-learn, solid, sql"
424,Backend Developer,"ajax, amazon web services, angular, api, bootstrap, communication, css, erp, html, java, javascript, jquery, laravel, ml, php, power bi, powershell, r, rest, rust, scala, sql, web3, webpack, websocket"
425,Machine Learning,"amazon web services, api, apis, automation testing, communication, data warehouse, deep learning, git, google cloud, hadoop, hive, http, illustrator, keras, machine learning, matplotlib, natural language processing, nlp, nltk, numpy, objective-c, oop, pandas, power bi, powershell, python, r, rust, scikit-learn, scrum, spacy, spark, sql, tensorflow, web3, webpack, websocket"
426,PHP Developer,"ajax, api, css, html, java, javascript, jquery, laravel, ml, mysql, php, r, rest, soap, sql"
427,Backend Developer,"ai, amazon web services, analytical, clean code, css, design patterns, dl, html, java, javascript, ml, php, power bi, powershell, r, system design, teamwork, web3, webpack, websocket"
428,iOS Developer,"ai, api, apis, architecture, c++, design patterns, git, go, ios, json, lua, ml, objective-c, r, rest, rest api, restful, solid, swift, swiftui, system design, xml"
429,Machine Learning,"ai, amazon web services, architecture, bitbucket, communication, cybersecurity, data analysis, data engineering, data pipeline, data visualization, data warehouse, deep learning, git, github, github actions, gitlab, gitlab ci, go, hadoop, junit, keras, less, machine learning, ml, oop, power bi, powershell, python, r, salesforce, scikit-learn, security, solidity, spark, sql, sqlite, statistics, tensorflow, unit testing, vite, web3, webpack, websocket"
430,Node js developer,"angular, angularjs, docker, java, javascript, node.js, r, sql"
431,Wordpress Developer,"ai, ajax, amazon web services, angular, api, apis, architecture, bitbucket, communication, css, cybersecurity, data warehouse, design patterns, elasticsearch, git, github, github actions, gitlab, gitlab ci, go, html, illustrator, java, javascript, junit, ml, php, power bi, powershell, r, react, react.js, rust, scikit-learn, security, solidity, sqlite, statistics, system design, unit testing, vite, web3, webpack, websocket"
432,Machine Learning,"ai, aws, computer vision, deep learning, keras, lua, machine learning, natural language processing, nlp, opencv, python, r, rest, statistics, tensorflow"
433,Database Administrator,"ai, data warehouse, dl, erp, go, hive, r"
434,Machine Learning,"ai, aws, azure, c++, computer vision, deep learning, erp, go, keras, machine learning, ml, numpy, python, pytorch, r, rest, tensorflow"
435,Backend Developer,"analytical, angular, aws, azure, communication, css, go, html, java, jquery, less, lua, ml, mysql, oracle, r, sql"
436,iOS Developer,"agile, ai, amazon web services, api, architecture, clean code, data warehouse, design patterns, dl, git, go, illustrator, ios, leadership, microservices, objective-c, power bi, powershell, qa, r, rest, rust, scala, soap, solid, sql, sqlite, swift, swiftui, system design, web3, webpack, websocket"
437,Node js developer,"agile, angular, api, communication, css, go, html, http, java, javascript, json, kanban, ml, mongodb, nodejs, r, react, reactjs, rest, rest api, scrum, soap"
438,Node js developer,"amazon web services, communication, css, git, go, html, java, javascript, ml, node.js, power bi, powershell, r, scala, vue, vue.js, web3, webpack, websocket"
439,Backend Developer,"ai, amazon web services, api, architecture, aws, communication, css, django, dl, go, html, java, javascript, ml, power bi, powershell, problem solving, python, r, rest, rest api, web3, webpack, websocket"
440,Network Administrator,"ai, amazon web services, automation testing, communication, data warehouse, go, integration testing, networking, power bi, powershell, pytest, r, security, unit testing, web3, webpack, websocket"
441,Database Administrator,"ai, apache, apache spark, api, chef, communication, dl, ethereum, go, networking, neural networks, powershell, r, security, shell, teamwork"
442,Network Administrator,r
443,Django Developer,"ai, amazon web services, api, architecture, aws, cassandra, data analysis, data engineering, data pipeline, data visualization, data warehouse, django, dl, go, hadoop, java, kafka, microservices, oop, power bi, powershell, python, r, redis, scala, security, spark, spring, spring boot, system design, web3, webpack, websocket"
444,DevOps Engineer,"agile, ai, architecture, automation testing, c#, chef, ci/cd, communication, computer vision, data analysis, devops, dl, erp, go, ios, jenkins, leadership, less, linux, lua, microservices, ml, networking, neural networks, photoshop, postgres, postgresql, powershell, problem solving, python, r, scala, security, sharepoint, shell, solid, system design, teamwork"
445,Flutter Developer,"android, api, apis, architecture, data engineering, flutter, go, google cloud, ios, json, lua, r, rest, solid"
446,iOS Developer,"ai, amazon web services, analytical, dl, git, ios, objective-c, power bi, powershell, r, rest, soap, swiftui, web3, webpack, websocket"
447,Flutter Developer,"amazon web services, android, api, apis, architecture, data engineering, flutter, go, ios, json, lua, power bi, powershell, r, rest, solid, swiftui, web3, webpack, websocket"
448,Database Administrator,"ai, architecture, communication, dl, express, linux, mariadb, mysql, oop, oracle, perl, php, python, r, security, shell, sql, system design"
449,iOS Developer,"ai, amazon web services, api, architecture, automation testing, design patterns, go, integration testing, ios, objective-c, oop, power bi, powershell, pytest, r, rest, restful, solid, swift, system design, unit testing, web3, webpack, websocket"
450,iOS Developer,"api, apis, architecture, ios, r, solid, swift"
451,Database Administrator,"ai, architecture, aws, devops, dynamodb, etl, leadership, mysql, networking, neural networks, postgres, r, sql, teamwork"
452,iOS Developer,"ai, amazon web services, api, apis, automation testing, c++, communication, design patterns, git, go, integration testing, ios, networking, objective-c, power bi, powershell, problem solving, r, security, sql, sqlite, swiftui, system design, unit testing, web3, webpack, websocket"
453,Machine Learning,"ai, amazon web services, architecture, bitbucket, c++, communication, css, cybersecurity, data analysis, data engineering, data pipeline, data visualization, data warehouse, design patterns, dl, elasticsearch, git, github, github actions, gitlab, gitlab ci, go, java, junit, lua, machine learning, matlab, ml, perl, power bi, powershell, python, r, rest, scala, scikit-learn, security, solidity, sqlite, statistics, system design, unit testing, vite, web3, webpack, websocket"
454,iOS Developer,"agile, ai, android, architecture, artificial intelligence, ci/cd, circleci, communication, css, design patterns, dl, gitlab ci, html, http, ios, java, javascript, json, ml, networking, objective-c, problem solving, python, r, rest, restful, ruby, scala, scikit-learn, scipy, shell, swiftui, uml, unit testing, xml"
455,Network Administrator,"ai, amazon web services, ansible, azure, bash, chef, communication, erp, go, golang, linux, microservices, natural language processing, neural networks, puppet, python, r"
456,Machine Learning,"amazon web services, analytical, angular, apache, apache spark, architecture, artificial intelligence, aws, bitbucket, blockchain, c#, c++, cassandra, chai, chef, ci/cd, circleci, clean code, communication, computer vision, confluence, couchdb, crm, css, cybersecurity, cypress, data analysis, data engineering, data pipeline, data visualization, data warehouse, docker, elasticsearch, erp, gcp, git, github, github actions, gitlab, gitlab ci, google cloud, grpc, huggingface, ionic, javascript, junit, machine learning, mercurial, microservices, mocha, natural language processing, objective-c, opencv, oracle, power bi, powershell, python, pytorch, r, react, react native, react.js, reactjs, rust, salesforce, scala, scikit-learn, scipy, scrum, security, sketch, solidity, spacy, sql, sqlite, statistics, system design, tcp/ip, typescript, unit testing, vite, web3, webpack, websocket"
457,Machine Learning,"android, artificial intelligence, c#, ci/cd, circleci, erp, git, gitlab, gitlab ci, ios, machine learning, r, scikit-learn, scipy, xamarin"
458,JavaScript Developer,"agile, ai, amazon web services, angular, architecture, aws, data analysis, data engineering, data pipeline, data visualization, data warehouse, deep learning, design patterns, devops, express, go, java, javascript, machine learning, natural language processing, oracle, power bi, powershell, r, react, reactjs, rest, rust, spring, sql, system design, web3, webpack, websocket"
459,Node js developer,"amazon web services, communication, express, express.js, git, java, javascript, linux, mysql, node.js, nodejs, power bi, powershell, r, scala, sql, web3, webpack, websocket"
460,Full Stack Developer,"ai, angular, angularjs, architecture, automation testing, aws, azure, bitbucket, communication, computer vision, confluence, couchdb, cybersecurity, data visualization, data warehouse, django, docker, ethereum, flutter, git, github, github actions, go, google cloud, graphql, http, huggingface, illustrator, integration testing, ios, java, javascript, jquery, junit, kubernetes, linux, lua, mercurial, natural language processing, neural networks, node.js, numpy, nuxt, oauth, problem solving, puppet, python, r, react, react.js, restful, ruby, ruby on rails, rust, scrum, security, selenium, swiftui, tableau, uml, unit testing, unix, vue, vue.js, vuejs"
461,Software Engineer,".net, agile, ai, amazon web services, analytical, apache, apache spark, architecture, artificial intelligence, bitbucket, blockchain, c#, c++, cassandra, chai, chef, ci/cd, circleci, clean code, communication, computer vision, confluence, couchdb, crm, css, cybersecurity, cypress, data pipeline, design patterns, docker, elasticsearch, gcp, github actions, gitlab ci, go, google cloud, grpc, huggingface, ionic, java, javascript, less, machine learning, mercurial, microservices, mocha, natural language processing, objective-c, oop, opencv, oracle, power bi, powershell, pytorch, r, react, react native, react.js, reactjs, salesforce, scala, scikit-learn, scipy, scrum, security, sketch, spacy, statistics, swiftui, system design, tcp/ip, typescript, web3, webpack, websocket"
462,Node js developer,"ai, amazon web services, analytical, api, apis, dl, express, express.js, go, java, javascript, node.js, nodejs, postgres, postgresql, r, rest, rest api, security, sql"
463,Backend Developer,"ai, amazon web services, api, architecture, artificial intelligence, bitbucket, cybersecurity, data analysis, data engineering, data pipeline, data visualization, data warehouse, dl, express, git, github, github actions, gitlab, gitlab ci, junit, less, ml, networking, neural networks, power bi, powershell, r, react, rest, rust, scikit-learn, security, solidity, sqlite, ssl, swiftui, teamwork, unit testing, vite, web3, webpack, websocket"
464,Software Engineer,"ai, amazon web services, api, architecture, blockchain, chai, design patterns, dl, erp, go, integration testing, java, kotlin, microservices, objective-c, power bi, powershell, r, system design, web3, webpack, websocket"
465,JavaScript Developer,"ajax, angular, angular.js, c++, communication, css, express, go, html, ionic, ios, java, javascript, jquery, ml, node.js, nodejs, photoshop, r"
466,Network Administrator,"ai, r"
467,Software Engineer,".net, amazon web services, architecture, artificial intelligence, automation testing, bitbucket, c++, communication, cybersecurity, data analysis, data engineering, data pipeline, data visualization, data warehouse, design patterns, dl, erp, git, github, github actions, gitlab, gitlab ci, go, illustrator, integration testing, java, junit, leadership, lua, machine learning, ml, nosql, power bi, powershell, pytest, python, r, rust, scala, scikit-learn, security, solidity, sql, sqlite, system design, unit testing, vite, web3, webpack, websocket"
468,Wordpress Developer,"laravel, r"
469,PHP Developer,"ai, ajax, amazon web services, css, express, expressjs, go, html, jquery, ml, mysql, php, power bi, powershell, r, sql, web3, webpack, websocket"
470,Backend Developer,"ai, computer vision, networking, neural networks, r, teamwork"
471,Node js developer,"ai, ajax, analytical, angular, angularjs, css, html, java, javascript, ml, node.js, nodejs, problem solving, r, security, swiftui"
472,Backend Developer,"api, apis, aws, azure, cassandra, docker, dynamodb, go, google cloud, jenkins, kubernetes, mongodb, neo4j, networking, neural networks, node.js, nosql, r, redis, rest, rest api, sketch, sql, teamwork"
473,JavaScript Developer,"ajax, java, javascript, jquery, r"
474,JavaScript Developer,"amazon web services, analytical, angularjs, bdd, communication, css, data engineering, data warehouse, deep learning, design patterns, expressjs, go, html, illustrator, java, javascript, json, leadership, linux, machine learning, ml, next.js, nextjs, node.js, nodejs, nuxt, power bi, powershell, problem solving, r, react.js, reactjs, rust, scikit-learn, sklearn, solid, system design, tdd, vue.js, vuejs, web3, webpack, websocket"
475,Java Developer,"ai, amazon web services, angular, angularjs, api, architecture, bitbucket, cybersecurity, data warehouse, erp, git, github, github actions, gitlab, gitlab ci, go, illustrator, java, junit, leadership, microservices, objective-c, power bi, powershell, r, rest, rust, sap, scala, scikit-learn, security, solidity, sql server, sqlite, unit testing, vite, web3, webpack, websocket"
476,DevOps Engineer,"ai, amazon web services, automation testing, devops, erp, go, integration testing, leadership, linux, networking, neural networks, power bi, powershell, python, r, rest, unit testing, web3, webpack, websocket"
477,Machine Learning,"data analysis, data engineering, data pipeline, data visualization, data warehouse, erp, machine learning, matlab, python, r"
478,Flutter Developer,"adobe xd, ai, amazon web services, android, angular, api, apis, architecture, artificial intelligence, bitbucket, bootstrap, ci/cd, circleci, clean code, cybersecurity, data analysis, data engineering, data pipeline, data visualization, data warehouse, design patterns, dl, firebase, flutter, git, github, github actions, gitlab, gitlab ci, go, ios, java, javascript, junit, r, rest, scala, scikit-learn, scipy, security, solidity, sqlite, swiftui, system design, unit testing, vite, web3, webpack, websocket"
479,Backend Developer,"api, bash, communication, data analysis, django, flask, go, linux, oop, postgres, postgresql, python, r, sql"
480,Django Developer,"ai, design patterns, django, go, mongodb, python, r, rest, system design"
481,PHP Developer,"ai, apache, clean code, communication, computer vision, confluence, couchdb, css, git, github, go, html, java, javascript, jenkins, ml, mysql, objective-c, php, r, rest, restful, scikit-learn, soap, sql, unix"
482,DevOps Engineer,".net, ai, asp.net, devops, next.js, node.js, nodejs, r, react.js, vue.js"
483,Machine Learning,"ai, artificial intelligence, dl, express, expressjs, less, machine learning, r"
484,PHP Developer,"ai, ajax, amazon web services, architecture, bitbucket, chai, communication, css, cybersecurity, data warehouse, dl, git, github, github actions, gitlab, gitlab ci, go, html, illustrator, java, javascript, junit, laravel, lua, ml, php, power bi, powershell, r, rust, scikit-learn, security, solidity, sqlite, unit testing, vite, web3, webpack, websocket"
485,DevOps Engineer,"amazon web services, data warehouse, devops, illustrator, lua, power bi, powershell, r, rust, web3, webpack, websocket"
486,Java Developer,".net, agile, ai, amazon web services, analytical, android, angular, angularjs, apache, apache spark, architecture, artificial intelligence, asp.net, bitbucket, blockchain, c#, c++, cassandra, chai, chef, ci/cd, circleci, clean code, communication, computer vision, confluence, couchdb, crm, css, cybersecurity, cypress, data warehouse, dl, docker, elasticsearch, gcp, github actions, gitlab ci, google cloud, grpc, html, huggingface, ionic, java, javascript, kubernetes, machine learning, mercurial, microservices, ml, mocha, mysql, natural language processing, networking, neural networks, node.js, nodejs, objective-c, oop, opencv, oracle, php, power bi, powershell, problem solving, python, pytorch, r, react, react native, react.js, reactjs, salesforce, scala, scikit-learn, scipy, scrum, security, sketch, spacy, sql, statistics, swift, tcp/ip, typescript, web3, webpack, websocket, xml"
487,Django Developer,"ai, analytical, communication, data analysis, data engineering, data pipeline, data visualization, data warehouse, django, dl, flask, git, go, natural language processing, networking, neural networks, problem solving, python, r, svn, teamwork, terraform, transformers"
488,iOS Developer,"agile, ai, amazon web services, analytical, architecture, automation testing, bitbucket, clean code, communication, cybersecurity, data warehouse, design patterns, git, github, github actions, gitlab, gitlab ci, go, illustrator, integration testing, ios, junit, microservices, power bi, powershell, r, rust, scikit-learn, scrum, security, solid, solidity, sqlite, system design, unit testing, vite, web3, webpack, websocket"
489,Wordpress Developer,"api, apis, architecture, css, go, html, java, javascript, ml, mysql, networking, neural networks, php, r, sql, teamwork"
490,Node js developer,"ai, amazon web services, data analysis, data engineering, data pipeline, data visualization, data warehouse, power bi, powershell, r, web3, webpack, websocket"
491,Database Administrator,"ai, go, r, sharepoint"
492,Full Stack Developer,".net, ai, android, bootstrap, communication, dl, git, go, html, java, javascript, jquery, laravel, ml, objective-c, photoshop, php, r, rest, solid, sql, sql server, svn, swift"
493,iOS Developer,"data warehouse, go, illustrator, ios, objective-c, r, rust, swift"
494,Full Stack Developer,".net, agile, ai, analytical, api, css, html, java, javascript, jquery, ml, r, security, sql, sql server"
495,Django Developer,"agile, ai, amazon web services, architecture, automation testing, aws, communication, design patterns, django, dl, erp, git, go, integration testing, less, microservices, natural language processing, objective-c, power bi, powershell, pytest, python, r, rest, rust, scala, scikit-learn, security, system design, unit testing, web3, webpack, websocket"
496,PHP Developer,"amazon web services, css, dl, html, java, javascript, ml, php, power bi, powershell, r, web3, webpack, websocket"
497,Django Developer,"aws, bootstrap, communication, data engineering, django, git, go, python, r, scala, teamwork, unit testing"
498,Flutter Developer,"amazon web services, api, firebase, flutter, power bi, powershell, r, web3, webpack, websocket"
499,Full Stack Developer,"ai, architecture, data visualization, dl, go, java, javascript, linux, nuxt, python, qa, r, ruby, security"
500,Wordpress Developer,"ai, api, apis, architecture, css, git, go, html, java, javascript, jquery, json, laravel, mercurial, ml, mysql, php, r, rest, restful, scala, sql, svn, unit testing, xml"
501,Wordpress Developer,"ai, amazon web services, api, apis, architecture, bitbucket, css, cybersecurity, dl, git, github, github actions, gitlab, gitlab ci, go, html, java, javascript, jquery, json, junit, ml, networking, neural networks, php, power bi, powershell, r, rest, restful, scikit-learn, security, solidity, sqlite, teamwork, unit testing, vite, web3, webpack, websocket, xml"
502,PHP Developer,"agile, ai, ajax, apache, api, apis, css, design patterns, go, html, java, javascript, jquery, linux, mercurial, ml, mysql, perl, php, r, redis, rest, rest api, shell, sql, transformers, xml"
504,Full Stack Developer,"ai, architecture, aws, go, java, javascript, r"
505,Node js developer,"ai, ajax, amazon web services, analytical, api, aws, css, data analysis, data engineering, data pipeline, data visualization, data warehouse, design patterns, express, go, graphql, html, integration testing, java, javascript, ml, mongodb, node.js, nodejs, objective-c, power bi, powershell, problem solving, r, scala, scikit-learn, security, sql, typescript, unit testing, web3, webpack, websocket"
506,iOS Developer,"ai, amazon web services, api, apis, css, elasticsearch, ios, objective-c, power bi, powershell, r, react, react native, rest, restful, statistics, svn, swift, swiftui, web3, webpack, websocket"
507,Wordpress Developer,"architecture, bitbucket, cybersecurity, dl, git, github, github actions, gitlab, gitlab ci, junit, r, scikit-learn, security, solidity, sqlite, unit testing, vite"
508,Machine Learning,"ai, angular, apache, apache spark, architecture, c++, go, java, javascript, machine learning, pandas, python, r, rest, scala, spark, statistics, swift, swiftui"
509,Network Administrator,"ai, amazon web services, dl, microservices, natural language processing, power bi, powershell, r, rest, web3, webpack, websocket"
510,Machine Learning,"agile, ai, amazon web services, api, architecture, artificial intelligence, cassandra, communication, confluence, dart, data analysis, data engineering, data pipeline, data visualization, data warehouse, design patterns, go, hadoop, hive, kafka, lua, machine learning, microservices, ml, mongodb, natural language processing, nlp, oop, pandas, power bi, powershell, python, r, scala, scikit-learn, spark, sql, statistics, system design, tableau, web3, webpack, websocket"
511,Django Developer,"ai, amazon web services, api, apis, architecture, aws, bitbucket, communication, cybersecurity, data warehouse, django, git, github, github actions, gitlab, gitlab ci, go, html, illustrator, java, javascript, jira, junit, ml, mongodb, mysql, objective-c, power bi, powershell, python, r, rest, restful, rust, scikit-learn, security, solidity, sql, sqlite, teamwork, terraform, transformers, unit testing, vite, web3, webpack, websocket"
512,Django Developer,"architecture, bitbucket, clean code, cybersecurity, django, git, github, github actions, gitlab, gitlab ci, go, junit, python, r, scikit-learn, security, solidity, sqlite, unit testing, vite"
513,Node js developer,"angular, api, apis, communication, express, go, java, javascript, mongodb, mysql, node.js, oop, r, react, rest, restful, sql"
514,Backend Developer,"angular, api, aws, go, google cloud, php, r, rest, soap, sql"
515,PHP Developer,"api, apis, clean code, communication, computer vision, confluence, couchdb, go, ios, jquery, json, laravel, mysql, objective-c, php, problem solving, r, rest, rest api, scala, scikit-learn, sql"
516,iOS Developer,"adobe xd, agile, ai, airflow, ajax, amazon web services, analytical, android, angular, angularjs, ansible, apache, apache spark, api, apis, architecture, artificial intelligence, asana, asp.net, automation testing, aws, azure, babel, bash, bdd, bert, bitbucket, blockchain, bootstrap, cassandra, chai, ci/cd, circleci, clean code, communication, computer vision, couchdb, cybersecurity, dart, data analysis, data engineering, data pipeline, data visualization, data warehouse, deep learning, design patterns, django, dynamodb, elasticsearch, fastapi, figma, firebase, flask, gatsby, git, github, github actions, gitlab, gitlab ci, golang, graphql, hadoop, hive, huggingface, illustrator, integration testing, ionic, ios, java, javascript, jenkins, jira, junit, kafka, kanban, keras, kotlin, kubernetes, laravel, leadership, less, linux, lua, machine learning, mariadb, matlab, matplotlib, mercurial, microservices, mocha, mongodb, natural language processing, networking, neural networks, nginx, oauth, objective-c, oracle, pandas, power bi, problem solving, pyspark, qa, r, rails, react, react native, react.js, reactjs, redis, rest api, ruby, ruby on rails, salesforce, sap, sass, scala, scikit-learn, scipy, seaborn, security, selenium, sharepoint, sklearn, soap, solid, solidity, spacy, spark, spring, spring boot, sqlite, statistics, swift, swiftui, system design, tableau, tailwind, tcp/ip, teamwork, terraform, transformers, typescript, unit testing, unix, vagrant, vite, web3, webpack, websocket, xamarin"
517,JavaScript Developer,"ai, amazon web services, architecture, bitbucket, css, cybersecurity, git, github, github actions, gitlab, gitlab ci, html, java, javascript, junit, ml, power bi, powershell, r, react, react native, reactjs, rest, scala, scikit-learn, security, solidity, sqlite, swiftui, unit testing, vite, web3, webpack, websocket"
518,Java Developer,"ai, amazon web services, analytical, architecture, communication, deep learning, git, go, java, machine learning, oop, power bi, powershell, r, spring, sql, web3, webpack, websocket"
519,Full Stack Developer,".net, agile, ai, asp.net, express, go, less, next.js, node.js, r, react.js, scala, scrum, vue.js"
520,Flutter Developer,"ai, amazon web services, angular, communication, dl, flutter, go, ionic, java, kotlin, power bi, powershell, r, react, react native, swift, web3, webpack, websocket"
521,Software Engineer,"ai, amazon web services, automation testing, devops, erp, go, integration testing, leadership, linux, networking, neural networks, power bi, powershell, python, r, rest, unit testing, web3, webpack, websocket"
522,iOS Developer,"ai, amazon web services, api, apis, design patterns, git, ios, mercurial, objective-c, power bi, powershell, problem solving, r, rest, restful, svn, swift, swiftui, system design, web3, webpack, websocket"
523,Network Administrator,"ai, amazon web services, ansible, architecture, automation testing, aws, azure, bitbucket, communication, computer vision, cybersecurity, data engineering, design patterns, dl, erp, git, github, github actions, gitlab, gitlab ci, go, golang, http, https, ios, javascript, junit, microservices, natural language processing, networking, neural networks, objective-c, oop, r, react native, redis, scala, scikit-learn, security, solidity, sqlite, ssl, system design, tcp/ip, teamwork, typescript, unit testing, vite"
524,JavaScript Developer,"agile, ai, amazon web services, architecture, aws, azure, bitbucket, css, cybersecurity, data warehouse, design patterns, devops, docker, erp, gcp, git, github, github actions, gitlab, gitlab ci, go, google cloud, hadoop, html, illustrator, ios, java, javascript, jenkins, junit, kubernetes, microservices, ml, mysql, objective-c, oop, oracle, postgres, postgresql, power bi, powershell, r, react, rest, rust, sap, scala, scikit-learn, security, solid, solidity, spring, spring boot, sql, sql server, sqlite, swiftui, system design, unit testing, unix, vite, web3, webpack, websocket"
525,iOS Developer,"ai, api, architecture, go, ios, networking, objective-c, r, sql, sqlite, swift"
526,PHP Developer,"amazon web services, design patterns, http, https, mysql, php, power bi, powershell, r, rest, sql, system design, web3, webpack, websocket"
527,Machine Learning,"ai, amazon web services, api, architecture, artificial intelligence, bitbucket, cybersecurity, data analysis, data engineering, data pipeline, data visualization, data warehouse, devops, docker, git, github, github actions, gitlab, gitlab ci, go, http, https, illustrator, java, junit, kubernetes, less, machine learning, microservices, networking, neural networks, power bi, powershell, python, r, rust, scikit-learn, security, solidity, sqlite, teamwork, terraform, unit testing, vite, web3, webpack, websocket"
528,Backend Developer,"ai, ajax, amazon web services, api, apis, architecture, aws, css, design patterns, html, java, javascript, linux, ml, mysql, networking, neural networks, oop, php, r, rest, soap, solid, sql, teamwork"
529,Java Developer,".net, ai, amazon web services, analytical, android, angular, apache, apache spark, architecture, artificial intelligence, asp.net, automation testing, aws, bitbucket, blockchain, c#, c++, cassandra, chai, chef, ci/cd, circleci, clean code, communication, computer vision, confluence, couchdb, crm, css, cybersecurity, cypress, design patterns, devops, docker, elasticsearch, etl, gcp, git, github, github actions, gitlab, gitlab ci, go, google cloud, grpc, huggingface, integration testing, ionic, java, javascript, junit, less, machine learning, mercurial, microservices, ml, mocha, natural language processing, next.js, node.js, objective-c, opencv, oracle, pandas, php, power bi, powershell, python, pytorch, r, react, react native, react.js, reactjs, rest, ruby, salesforce, scala, scikit-learn, scipy, scrum, security, sketch, solidity, spacy, sqlite, statistics, system design, tailwind, tcp/ip, typescript, unit testing, vite, vue, vue.js, web3, webpack, websocket"
530,Java Developer,".net, ai, amazon web services, api, architecture, asp.net, automation testing, bitbucket, cybersecurity, data warehouse, dl, erp, figma, git, github, github actions, gitlab, gitlab ci, go, google cloud, integration testing, java, junit, lua, natural language processing, next.js, node.js, nosql, power bi, powershell, r, react.js, scala, scikit-learn, security, solidity, sql, sqlite, teamwork, terraform, transformers, unit testing, vite, vue.js, web3, webpack, websocket"
531,Database Administrator,"ai, analytical, communication, dl, go, networking, neural networks, r, rest, teamwork"
534,Java Developer,"agile, ai, amazon web services, architecture, artificial intelligence, automation testing, bootstrap, clean code, computer vision, confluence, css, dl, html, integration testing, java, javascript, jquery, laravel, ml, mysql, oop, opencv, php, postgres, power bi, powershell, r, sql, unit testing, vue, vuejs, web3, webpack, websocket"
535,Flutter Developer,"agile, amazon web services, android, angular, apache, apache spark, chef, css, dart, ethereum, flutter, git, go, html, ios, ml, mysql, node.js, postgres, postgresql, power bi, powershell, r, security, shell, sql, web3, webpack, websocket"
536,Machine Learning,"ai, analytical, api, automation testing, aws, azure, cassandra, communication, data analysis, data engineering, data pipeline, data visualization, data warehouse, design patterns, git, go, google cloud, hadoop, hive, integration testing, ios, java, javascript, json, leadership, machine learning, matlab, natural language processing, neural networks, oop, problem solving, pytest, python, r, rest, sass, scala, shell, spark, sql, statistics, unit testing"
537,Django Developer,"ai, amazon web services, clean code, css, django, git, go, html, linux, microservices, ml, postgres, postgresql, power bi, powershell, python, r, react, rest, sql, web3, webpack, websocket"
538,Machine Learning,"agile, ai, airflow, amazon web services, analytical, android, ansible, apache, api, apis, architecture, artificial intelligence, automation testing, aws, bitbucket, blockchain, c++, chai, ci/cd, circleci, communication, computer vision, cybersecurity, data analysis, data engineering, data pipeline, data visualization, data warehouse, deep learning, design patterns, dl, docker, dynamodb, elasticsearch, erp, fastapi, figma, firebase, git, github, github actions, gitlab, gitlab ci, go, hadoop, hive, huggingface, illustrator, integration testing, ionic, ios, java, javascript, jenkins, jira, junit, kafka, kotlin, leadership, linux, machine learning, mariadb, matplotlib, mercurial, microservices, natural language processing, networking, nginx, nodejs, nosql, objective-c, oop, power bi, powershell, problem solving, python, r, rails, react native, redis, rest, rest api, ruby on rails, rust, scala, scikit-learn, scipy, security, selenium, sharepoint, solid, solidity, spark, spring, spring boot, sql, sqlite, statistics, swift, swiftui, system design, tailwind, tcp/ip, typescript, unit testing, unix, vite, web3, webpack, websocket, xamarin"
539,Machine Learning,"c++, go, machine learning, natural language processing, python, r, sql, statistics"
540,Flutter Developer,"amazon web services, android, api, apis, design patterns, dl, firebase, flutter, json, power bi, powershell, r, rest, rest api, sap, solid, swiftui, web3, webpack, websocket"
541,JavaScript Developer,"ai, ajax, amazon web services, angular, architecture, automation testing, bitbucket, css, cybersecurity, dl, git, github, github actions, gitlab, gitlab ci, go, html, integration testing, java, javascript, junit, ml, nodejs, power bi, powershell, pytest, r, react, scala, scikit-learn, security, solidity, sqlite, swiftui, unit testing, vite, vue, web3, webpack, websocket"
542,Full Stack Developer,"agile, ai, apache, architecture, communication, css, erp, html, java, javascript, jira, jquery, ml, mysql, nginx, r, sql, unix"
543,Machine Learning,".net, agile, ai, amazon web services, analytical, angular, apache, apache spark, api, apis, architecture, artificial intelligence, asp.net, aws, bitbucket, blockchain, c#, c++, cassandra, chai, chef, ci/cd, circleci, clean code, communication, computer vision, confluence, couchdb, crm, css, cybersecurity, cypress, data pipeline, data warehouse, design patterns, docker, elasticsearch, gcp, git, github, github actions, gitlab, gitlab ci, go, google cloud, grpc, huggingface, illustrator, ionic, java, javascript, json, junit, keras, lua, machine learning, mercurial, microservices, ml, mocha, mongodb, mysql, natural language processing, nosql, objective-c, opencv, oracle, power bi, powershell, python, pytorch, r, react, react native, react.js, reactjs, rest, rest api, rust, salesforce, scala, scikit-learn, scipy, scrum, security, sketch, solidity, spacy, sql, sql server, sqlite, statistics, system design, tcp/ip, tensorflow, typescript, unit testing, vite, web3, webpack, websocket"
544,Django Developer,"ai, amazon web services, angularjs, api, apis, architecture, automation testing, aws, bitbucket, bootstrap, clean code, communication, computer vision, confluence, css, cybersecurity, data visualization, django, dl, expressjs, git, github, github actions, gitlab, gitlab ci, go, html, integration testing, ionic, java, json, junit, machine learning, ml, mongodb, mysql, next.js, nextjs, node.js, nodejs, pytest, python, r, react.js, reactjs, rest, ruby on rails, scala, scikit-learn, security, solidity, sql, sqlite, unit testing, vite, vue.js, vuejs"
545,Django Developer,"amazon web services, architecture, css, data analysis, data engineering, data pipeline, data visualization, data warehouse, django, go, html, java, javascript, ml, mysql, postgres, power bi, powershell, python, r, scala, security, solid, sql, web3, webpack, websocket"
546,Network Administrator,"ai, amazon web services, communication, google cloud, linux, lua, r, security, teamwork"
547,Flutter Developer,"ai, android, api, apis, architecture, artificial intelligence, bitbucket, ci/cd, circleci, clean code, communication, cybersecurity, dart, design patterns, firebase, flutter, git, github, github actions, gitlab, gitlab ci, go, google cloud, graphql, integration testing, ios, java, javascript, json, junit, mysql, nosql, r, rest, rest api, scikit-learn, scipy, security, soap, solidity, sql, sqlite, unit testing, vite"
548,Wordpress Developer,"adobe xd, ai, automation testing, babel, bert, css, cybersecurity, go, html, huggingface, integration testing, java, javascript, kubernetes, ml, mysql, php, r, sql, unit testing"
549,Full Stack Developer,".net, agile, ai, android, architecture, asp.net, communication, css, go, html, java, javascript, ml, next.js, node.js, oracle, qa, r, react, react.js, spring, sql, vue.js"
550,Database Administrator,"adobe xd, ai, amazon web services, android, angular, angularjs, architecture, automation testing, azure, bdd, bitbucket, cassandra, ci/cd, clean code, communication, computer vision, confluence, couchdb, cybersecurity, dart, data analysis, data engineering, data pipeline, data visualization, data warehouse, deep learning, design patterns, devops, django, dl, docker, dynamodb, erp, ethereum, flutter, github, github actions, go, google cloud, hadoop, huggingface, illustrator, jquery, junit, kubernetes, leadership, linux, lua, mariadb, mercurial, mongodb, natural language processing, neural networks, node.js, nodejs, numpy, nuxt, oauth, pandas, problem solving, puppet, r, redis, rest, restful, ruby, ruby on rails, rust, scrum, security, selenium, solid, solidity, swiftui, system design, tableau, tailwind, tdd, uml, unit testing, unix, vue, vue.js, vuejs"
551,Wordpress Developer,"aws, data pipeline, dl, figma, illustrator, networking, neural networks, php, r, teamwork"
552,Backend Developer,".net, agile, amazon web services, analytical, apache, apache spark, api, architecture, artificial intelligence, asp.net, bitbucket, blockchain, c#, c++, cassandra, chai, chef, ci/cd, circleci, clean code, communication, computer vision, confluence, couchdb, crm, css, cybersecurity, cypress, data warehouse, design patterns, dl, docker, elasticsearch, erp, gcp, git, github, github actions, gitlab, gitlab ci, go, google cloud, grpc, huggingface, illustrator, ionic, ios, javascript, junit, machine learning, mercurial, microservices, mocha, natural language processing, objective-c, opencv, oracle, power bi, powershell, pytorch, r, react, react native, react.js, reactjs, rest, restful, rust, salesforce, scala, scikit-learn, scipy, scrum, security, sketch, solidity, spacy, sql, sql server, sqlite, statistics, system design, tcp/ip, typescript, unit testing, vite, web3, webpack, websocket"
553,PHP Developer,"ai, amazon web services, data analysis, data engineering, data pipeline, data visualization, data warehouse, design patterns, git, html, integration testing, java, javascript, laravel, ml, nosql, objective-c, php, power bi, powershell, r, scala, scikit-learn, security, sql, web3, webpack, websocket"
554,Network Administrator,"linux, natural language processing, networking, neural networks, r, teamwork"
555,Flutter Developer,"amazon web services, android, flutter, java, javascript, power bi, powershell, r, react, react native, rest, restful, web3, webpack, websocket"
556,iOS Developer,"api, git, go, ios, json, objective-c, oop, r, solid, swift"
557,Full Stack Developer,".net, ai, angular, angularjs, api, architecture, automation testing, azure, bitbucket, communication, computer vision, confluence, couchdb, cybersecurity, data visualization, data warehouse, dl, ethereum, flutter, github, github actions, go, google cloud, html, huggingface, illustrator, ios, java, javascript, jquery, junit, kubernetes, less, linux, lua, mercurial, ml, natural language processing, neural networks, numpy, nuxt, oauth, puppet, r, restful, ruby, ruby on rails, rust, scala, scrum, security, selenium, solid, sql, sql server, swiftui, tableau, uml, unit testing, unix, vue, vue.js, vuejs"
558,Java Developer,".net, agile, ai, ajax, amazon web services, analytical, angular, api, apis, architecture, bitbucket, css, cybersecurity, data warehouse, design patterns, docker, erp, git, github, github actions, gitlab, gitlab ci, html, huggingface, illustrator, java, javascript, jquery, junit, microservices, ml, node.js, nosql, php, power bi, powershell, r, rails, react, react native, react.js, rest, restful, ruby on rails, rust, scikit-learn, security, soap, solidity, spring, spring boot, sql, sqlite, system design, tailwind, teamwork, unit testing, vite, web3, webpack, websocket"
559,iOS Developer,"amazon web services, api, apis, data engineering, design patterns, ios, lua, networking, neural networks, objective-c, power bi, powershell, r, system design, teamwork, web3, webpack, websocket"
560,JavaScript Developer,"agile, ai, amazon web services, api, bdd, communication, go, graphql, java, ml, mongodb, neo4j, nosql, power bi, powershell, python, r, scrum, solid, sql, swiftui, tdd, web3, webpack, websocket"
561,Machine Learning,"ai, design patterns, ml, r, system design"
562,Backend Developer,"agile, ai, amazon web services, api, apis, architecture, bitbucket, cybersecurity, data analysis, data engineering, data pipeline, data visualization, data warehouse, dl, git, github, github actions, gitlab, gitlab ci, go, hadoop, illustrator, junit, mongodb, natural language processing, numpy, oop, pandas, power bi, powershell, python, r, rust, scikit-learn, security, solidity, sql, sqlite, unit testing, vite, web3, webpack, websocket"
563,Machine Learning,"ai, analytical, communication, data analysis, data engineering, data pipeline, data visualization, data warehouse, erp, etl, go, hadoop, hive, java, lua, machine learning, oop, oracle, python, r, salesforce, scala, spark, sql, tableau"
564,DevOps Engineer,"ai, amazon web services, android, apache, architecture, aws, bitbucket, cybersecurity, design patterns, devops, dl, git, github, github actions, gitlab, gitlab ci, go, ios, junit, linux, mysql, networking, neural networks, power bi, powershell, r, scikit-learn, security, solidity, sql, sqlite, ssl, system design, teamwork, unit testing, vite, web3, webpack, websocket"
565,Software Engineer,"agile, ai, amazon web services, apache, architecture, clean code, data warehouse, design patterns, dl, go, illustrator, java, junit, lua, microservices, mysql, nosql, power bi, powershell, r, rest, rust, scala, soap, spring, sql, web3, webpack, websocket"
566,Network Administrator,"amazon web services, power bi, powershell, r, web3, webpack, websocket"
567,Database Administrator,"ai, communication, dl, go, http, leadership, problem solving, r"
568,Database Administrator,"ai, communication, go, r, security"
569,PHP Developer,"analytical, api, bitbucket, git, go, laravel, microservices, mysql, oauth, objective-c, php, problem solving, r, rest, restful, scikit-learn, sql, unit testing"
570,Wordpress Developer,"ai, ajax, amazon web services, angular, api, apis, architecture, bitbucket, bootstrap, css, cybersecurity, git, github, github actions, gitlab, gitlab ci, go, html, java, javascript, jquery, json, junit, ml, mysql, objective-c, php, power bi, powershell, r, react, rest, restful, scikit-learn, security, solidity, sql, sqlite, unit testing, vite, vue, web3, webpack, websocket, xml"
571,Java Developer,"agile, ai, amazon web services, analytical, angular, automation testing, aws, communication, data analysis, data warehouse, design patterns, dl, erp, git, go, html, illustrator, integration testing, java, javascript, jenkins, leadership, linux, lua, ml, networking, neural networks, pytest, r, rust, spring, springboot, sql, tdd, teamwork, unit testing, xml"
572,Software Engineer,"ai, amazon web services, api, apis, architecture, automation testing, azure, bitbucket, clean code, cybersecurity, data analysis, data engineering, design patterns, dl, erp, git, github, github actions, gitlab, gitlab ci, go, hadoop, integration testing, ios, junit, less, machine learning, ml, natural language processing, oop, power bi, powershell, r, scala, scikit-learn, security, solidity, spark, sql, sqlite, system design, unit testing, vite, web3, webpack, websocket"
573,Full Stack Developer,"agile, ai, analytical, angular, angularjs, architecture, automation testing, azure, bitbucket, communication, computer vision, confluence, couchdb, cybersecurity, data visualization, data warehouse, ethereum, express, flutter, git, github, github actions, google cloud, html, huggingface, illustrator, java, javascript, jquery, junit, kubernetes, linux, lua, machine learning, mercurial, ml, mysql, natural language processing, neural networks, nosql, numpy, nuxt, oauth, php, problem solving, puppet, python, r, react, reactjs, rest, restful, ruby, ruby on rails, rust, scrum, security, selenium, sql, swiftui, tableau, teamwork, uml, unit testing, unix, vue, vue.js, vuejs"
574,Node js developer,"angularjs, css, express, expressjs, git, go, java, javascript, json, next.js, nextjs, node.js, nodejs, nuxt, oop, r, react, react.js, reactjs, security, vue, vue.js, vuejs"
575,Network Administrator,"ai, amazon web services, go, linux, natural language processing, networking, power bi, powershell, r, security, web3, webpack, websocket"
576,Java Developer,"agile, ai, amazon web services, angular, api, apis, architecture, automation testing, aws, chai, ci/cd, communication, css, data analysis, data engineering, data pipeline, data visualization, data warehouse, design patterns, docker, gatsby, git, go, html, integration testing, java, javascript, jenkins, jira, jquery, junit, kafka, kubernetes, microservices, ml, mysql, networking, neural networks, nextjs, oracle, postgres, postgresql, power bi, powershell, r, react, reactjs, rest, restful, scala, selenium, spring, spring boot, sql, teamwork, unit testing, unix, web3, webpack, websocket"
577,DevOps Engineer,"ai, amazon web services, aws, azure, ci/cd, clean code, communication, design patterns, devops, docker, git, go, kubernetes, power bi, powershell, r, scala, shell, system design, unix, web3, webpack, websocket"
578,Full Stack Developer,"ai, api, architecture, aws, azure, chai, communication, dl, docker, git, github, go, jira, json, r, react, react.js"
579,Full Stack Developer,"agile, ai, angular, angularjs, api, apis, architecture, automation testing, azure, bitbucket, bootstrap, communication, computer vision, confluence, couchdb, css, cybersecurity, data visualization, data warehouse, dl, ethereum, express, flutter, git, github, github actions, go, google cloud, html, huggingface, illustrator, java, javascript, jquery, junit, kubernetes, less, linux, lua, mercurial, ml, natural language processing, neural networks, node.js, numpy, nuxt, oauth, puppet, r, react, rest, restful, ruby, ruby on rails, rust, scrum, security, selenium, solid, swiftui, tableau, teamwork, uml, unit testing, unix, vue, vue.js, vuejs, webpack"
580,Software Engineer,"amazon web services, architecture, bitbucket, communication, cybersecurity, data warehouse, git, github, github actions, gitlab, gitlab ci, go, illustrator, java, jquery, json, junit, microservices, power bi, powershell, r, rest, rust, scikit-learn, security, selenium, soap, solidity, spring, sqlite, unit testing, vite, web3, webpack, websocket"
581,Machine Learning,"ai, amazon web services, communication, data analysis, data engineering, data pipeline, data visualization, data warehouse, dl, express, git, go, hadoop, illustrator, less, machine learning, natural language processing, oop, power bi, powershell, python, r, rust, sass, sql, web3, webpack, websocket"
582,Backend Developer,"laravel, python, r, rest, sap"
583,Full Stack Developer,"agile, ai, angular, angularjs, apache, apache spark, api, apis, architecture, asp.net, automation testing, aws, azure, bitbucket, bootstrap, ci/cd, communication, computer vision, confluence, couchdb, cybersecurity, cypress, data pipeline, data visualization, data warehouse, deep learning, design patterns, devops, erp, ethereum, express, expressjs, fastapi, flutter, gcp, git, github, github actions, go, google cloud, gpt, graphql, grpc, hadoop, http, https, huggingface, illustrator, java, javascript, jquery, junit, kubernetes, leadership, linux, lua, matplotlib, mercurial, microservices, natural language processing, neural networks, nlp, numpy, nuxt, oauth, oop, opencv, pandas, perl, photoshop, php, plotly, plsql, postgres, postgresql, power bi, powershell, problem solving, puppet, pyspark, pytest, python, pytorch, r, rest api, restful, ruby, ruby on rails, rust, sap, scipy, scrum, security, selenium, sharepoint, soap, spacy, spark, spring, spring boot, swiftui, tableau, tcp/ip, tdd, typescript, uml, unit testing, unix, vue, vue.js, vuejs, webpack"
584,Database Administrator,"ai, analytical, communication, dl, erp, go, less, r"
585,Software Engineer,"agile, ai, amazon web services, analytical, architecture, automation testing, aws, bitbucket, communication, cybersecurity, design patterns, erp, git, github, github actions, gitlab, gitlab ci, google cloud, http, integration testing, ios, java, junit, microservices, power bi, powershell, r, scala, scikit-learn, scrum, security, solid, solidity, spring, springboot, sql, sqlite, system design, teamwork, unit testing, vite, web3, webpack, websocket"
586,Network Administrator,"ai, linux, neural networks, r, rest, security"
587,iOS Developer,".net, api, apis, asp.net, design patterns, ios, lua, networking, neural networks, next.js, node.js, objective-c, r, react.js, rest, restful, swift, swiftui, system design, teamwork, vue.js"
588,PHP Developer,"angular, git, go, php, r"
590,Java Developer,"agile, ai, amazon web services, angular, angular.js, aws, data analysis, data engineering, data pipeline, data visualization, data warehouse, erp, express, java, jira, linux, microservices, natural language processing, oracle, power bi, powershell, r, rest, restful, rust, security, shell, spring, sql, svn, unix, web3, webpack, websocket"
591,Software Engineer,"agile, ai, airflow, amazon web services, analytical, android, ansible, api, apis, architecture, artificial intelligence, automation testing, azure, bitbucket, blockchain, chai, ci/cd, circleci, communication, computer vision, cybersecurity, data analysis, data engineering, data pipeline, data visualization, data warehouse, deep learning, design patterns, devops, dl, elasticsearch, fastapi, figma, firebase, git, github, github actions, gitlab, gitlab ci, go, hive, html, http, https, huggingface, illustrator, integration testing, ionic, ios, javascript, jenkins, jira, junit, kotlin, leadership, linux, machine learning, mariadb, matplotlib, mercurial, microservices, ml, natural language processing, networking, nginx, objective-c, oop, power bi, powershell, problem solving, r, rails, react native, redis, rest api, ruby on rails, rust, scikit-learn, scipy, security, selenium, sharepoint, solid, solidity, spring, spring boot, sqlite, statistics, swift, swiftui, system design, tailwind, tcp/ip, teamwork, terraform, transformers, typescript, unit testing, unix, vite, web3, webpack, websocket, xamarin"
592,Full Stack Developer,"agile, ai, go, hadoop, hive, java, javascript, mysql, oop, postgres, r, rest, scala, sql"
593,PHP Developer,"amazon web services, aws, bootstrap, css, django, git, go, html, jquery, laravel, linux, matplotlib, ml, mongodb, mysql, oop, php, plotly, plsql, power bi, powershell, r, sql, svn, web3, webpack, websocket"
594,Full Stack Developer,"ai, dl, git, html, java, javascript, lua, ml, r, teamwork"
595,Full Stack Developer,"ai, angular, angularjs, api, apis, architecture, automation testing, aws, azure, bitbucket, c++, communication, computer vision, confluence, couchdb, cybersecurity, data visualization, data warehouse, dl, dynamodb, ethereum, express, flutter, github, github actions, go, google cloud, html, huggingface, illustrator, java, jquery, junit, kubernetes, less, linux, lua, machine learning, mercurial, ml, natural language processing, neural networks, numpy, nuxt, oauth, puppet, python, r, react, restful, ruby, ruby on rails, rust, scrum, security, selenium, swiftui, tableau, teamwork, uml, unit testing, unix, vue, vue.js, vuejs"
596,Flutter Developer,"dl, go, r, react, react native"
597,Network Administrator,"ai, amazon web services, automation testing, erp, integration testing, linux, lua, networking, neural networks, power bi, powershell, r, security, sql, tcp/ip, teamwork, unit testing, unix, web3, webpack, websocket"
598,iOS Developer,"data warehouse, illustrator, r, rust"
599,Flutter Developer,"android, firebase, flutter, go, google cloud, ios, java, r"
600,Java Developer,"ai, ajax, amazon web services, apache, api, apis, azure, bootstrap, communication, crm, css, git, go, html, java, javascript, jquery, linux, ml, mysql, oop, php, power bi, powershell, r, salesforce, solid, sql, web3, webpack, websocket"
601,DevOps Engineer,"ai, devops, go, leadership, qa, r, security"
602,Software Engineer,"ansible, artificial intelligence, azure, chef, ci/cd, circleci, clean code, devops, docker, git, gitlab ci, go, google cloud, jenkins, kubernetes, linux, postgres, postgresql, powershell, puppet, r, rest, scikit-learn, scipy, shell, sql, sql server, unix"
603,iOS Developer,"ai, api, apis, firebase, go, ios, junit, networking, neural networks, r, rest, swift, swiftui, teamwork, unit testing"
604,Backend Developer,"ai, ajax, amazon web services, api, architecture, bitbucket, bootstrap, css, cybersecurity, dl, git, github, github actions, gitlab, gitlab ci, go, html, java, javascript, jquery, junit, jwt, laravel, ml, mongodb, mysql, networking, neural networks, php, r, rest, scikit-learn, security, solidity, sql, sqlite, teamwork, unit testing, vite"
605,Java Developer,"agile, ai, amazon web services, android, angular, apache, architecture, azure, cassandra, chai, css, data analysis, design patterns, devops, dl, docker, github actions, go, html, ios, java, kubernetes, leadership, linux, lua, microservices, ml, mongodb, r, react, react native, react.js, reactjs, rest, restful, scala, soap, spring, spring boot, swiftui, unit testing, unix"
606,Network Administrator,"ai, apache, apache spark, chef, communication, ethereum, golang, natural language processing, neural networks, perl, powershell, python, r, security, shell"
607,Java Developer,"communication, data warehouse, go, illustrator, java, mercurial, microservices, oop, r, rust, spring, spring boot, transformers"
608,Java Developer,"agile, ai, amazon web services, angular, api, apis, architecture, aws, bitbucket, communication, css, cybersecurity, data warehouse, design patterns, devops, dl, git, github, github actions, gitlab, gitlab ci, go, html, illustrator, integration testing, java, junit, microservices, ml, natural language processing, networking, neural networks, oracle, power bi, powershell, python, r, rest, rust, scikit-learn, scrum, security, soap, solidity, spring, spring boot, sql, sqlite, system design, teamwork, unit testing, vite, web3, webpack, websocket"
609,Flutter Developer,"ai, amazon web services, android, api, architecture, dart, flutter, go, ios, power bi, powershell, r, rest, rest api, solid, web3, webpack, websocket"
610,DevOps Engineer,"ai, amazon web services, ansible, architecture, artificial intelligence, automation testing, aws, bash, chef, ci/cd, circleci, clean code, communication, devops, docker, erp, git, gitlab, gitlab ci, go, kubernetes, linux, microservices, mongodb, networking, puppet, python, r, redis, scikit-learn, scipy, security, solid, terraform"
612,iOS Developer,"amazon web services, api, apis, architecture, bitbucket, communication, git, go, ios, lua, networking, neural networks, objective-c, power bi, powershell, r, rest, restful, solid, swift, teamwork, web3, webpack, websocket"
613,Network Administrator,"ai, design patterns, networking, neural networks, r, security, sql server, system design, teamwork"
614,Software Engineer,"ai, amazon web services, api, architecture, aws, azure, bitbucket, clean code, communication, css, cybersecurity, data warehouse, docker, erp, git, github, github actions, gitlab, gitlab ci, illustrator, ios, java, javascript, json, junit, kubernetes, ml, node.js, power bi, powershell, python, r, react, react native, rest, rust, scikit-learn, security, solidity, sqlite, unit testing, vite, web3, webpack, websocket, xml"
615,Backend Developer,"ai, amazon web services, api, aws, communication, dl, go, google cloud, java, json, networking, neural networks, postgres, postgresql, power bi, powershell, r, rest, rest api, restful, ruby, sql, teamwork, web3, webpack, websocket"
616,Machine Learning,"ai, architecture, aws, bitbucket, communication, cybersecurity, data analysis, data engineering, data pipeline, data visualization, data warehouse, git, github, github actions, gitlab, gitlab ci, go, junit, linux, python, r, scikit-learn, security, shell, solidity, sql, sqlite, statistics, tableau, unit testing, vite"
617,Software Engineer,"agile, amazon web services, communication, git, go, java, leadership, networking, neural networks, power bi, powershell, r, teamwork, web3, webpack, websocket"
618,Wordpress Developer,"amazon web services, css, go, html, java, javascript, jquery, ml, php, power bi, powershell, r, sass, swiftui, web3, webpack, websocket"
619,PHP Developer,"ai, ajax, apache, automation testing, css, go, html, integration testing, java, javascript, jquery, json, less, linux, ml, mysql, networking, neural networks, oop, php, r, sql, ssl, teamwork, unit testing"
620,Flutter Developer,"android, dart, flutter, ios, r"
621,Wordpress Developer,"ai, amazon web services, api, css, dl, git, go, google cloud, html, http, ml, php, power bi, powershell, r, security, solid, ssl, web3, webpack, websocket"
622,Flutter Developer,"amazon web services, power bi, powershell, r, rest, web3, webpack, websocket"
623,Machine Learning,"ai, amazon web services, analytical, cassandra, communication, data analysis, data engineering, data pipeline, data visualization, data warehouse, go, hadoop, hive, illustrator, machine learning, matlab, ml, mongodb, nosql, numpy, oop, perl, power bi, powershell, problem solving, python, r, rest, rust, spark, sql, statistics, web3, webpack, websocket"
624,Django Developer,"ajax, api, architecture, css, design patterns, django, dl, flask, git, go, html, java, javascript, lua, mercurial, ml, php, python, r, react, rest, rest api, svn, system design"
625,Software Engineer,"ai, amazon web services, analytical, architecture, automation testing, bitbucket, clean code, communication, cybersecurity, data warehouse, design patterns, git, github, github actions, gitlab, gitlab ci, go, illustrator, integration testing, ios, java, javascript, junit, lua, microservices, power bi, powershell, problem solving, pytest, python, qa, r, rust, salesforce, scikit-learn, security, solid, solidity, sqlite, system design, unit testing, vite, web3, webpack, websocket"
626,Wordpress Developer,".net, api, css, go, html, integration testing, java, javascript, jquery, ml, mysql, php, r, security, sql"
627,Machine Learning,"ai, architecture, bitbucket, cybersecurity, data analysis, data engineering, data pipeline, data visualization, data warehouse, dl, git, github, github actions, gitlab, gitlab ci, go, junit, machine learning, ml, objective-c, r, scikit-learn, security, solidity, sqlite, unit testing, vite"
628,Node js developer,"agile, ai, ajax, amazon web services, analytical, angular, angularjs, css, html, java, javascript, microservices, ml, node.js, power bi, powershell, problem solving, r, swiftui, teamwork, web3, webpack, websocket"
629,Node js developer,"agile, ai, ajax, api, css, data analysis, data engineering, data pipeline, data visualization, data warehouse, design patterns, express, git, go, html, java, javascript, ml, node.js, nodejs, objective-c, oop, r, react, scikit-learn, scrum, security, system design"
630,JavaScript Developer,"ai, amazon web services, architecture, bitbucket, communication, crm, css, cybersecurity, data analysis, data engineering, data pipeline, data visualization, data warehouse, design patterns, erp, git, github, github actions, gitlab, gitlab ci, go, html, java, javascript, junit, leadership, less, ml, oracle, power bi, powershell, r, rest, scikit-learn, security, solidity, sql, sqlite, ssl, system design, unit testing, vite, web3, webpack, websocket"
631,Flutter Developer,"agile, ai, airflow, amazon web services, analytical, android, ansible, api, apis, architecture, artificial intelligence, automation testing, bitbucket, blockchain, chai, ci/cd, circleci, clean code, communication, computer vision, cybersecurity, dart, data analysis, data engineering, data pipeline, data visualization, deep learning, design patterns, elasticsearch, fastapi, figma, firebase, flutter, git, github, github actions, gitlab, gitlab ci, hive, huggingface, illustrator, integration testing, ionic, ios, javascript, jenkins, jira, junit, kotlin, leadership, linux, machine learning, mariadb, matplotlib, mercurial, microservices, natural language processing, networking, nginx, objective-c, power bi, problem solving, r, rails, react native, redis, rest api, ruby on rails, scikit-learn, scipy, security, selenium, sharepoint, solid, solidity, spring, spring boot, sql, sqlite, statistics, swift, swiftui, system design, tailwind, tcp/ip, typescript, unit testing, unix, vite, xamarin"
632,Node js developer,"agile, ai, amazon web services, angular, api, apis, architecture, automation testing, aws, bdd, css, data warehouse, design patterns, docker, elasticsearch, go, html, http, illustrator, integration testing, java, javascript, json, kafka, kubernetes, linux, microservices, ml, mongodb, nodejs, oop, postgres, postgresql, power bi, powershell, r, react, redis, rest, restful, rust, scala, solid, sql, tdd, terraform, transformers, typescript, unit testing, vue, vuejs, web3, webpack, websocket"
633,Wordpress Developer,"ai, amazon web services, architecture, communication, css, git, go, html, java, javascript, jquery, mercurial, ml, php, power bi, powershell, r, svn, web3, webpack, websocket"
634,DevOps Engineer,".net, agile, ai, amazon web services, android, angular, ansible, apache, apache spark, architecture, artificial intelligence, automation testing, aws, azure, bitbucket, cassandra, chef, ci/cd, circleci, clean code, communication, cybersecurity, data analysis, data engineering, data pipeline, data visualization, data warehouse, devops, docker, erp, ethereum, gcp, git, github, github actions, gitlab, gitlab ci, go, google cloud, hive, java, jenkins, junit, kubernetes, linux, ml, networking, nginx, objective-c, power bi, powershell, puppet, python, r, scikit-learn, scipy, security, shell, solidity, sql, sqlite, terraform, unit testing, vite, web3, webpack, websocket"
635,iOS Developer,"ai, amazon web services, api, ios, power bi, powershell, r, swift, web3, webpack, websocket"
636,Full Stack Developer,"aws, git, java, javascript, kafka, less, r, react, solid, swift"
637,Java Developer,".net, ai, angular, java, r, rest, spring, spring boot"
638,DevOps Engineer,"ai, amazon web services, ansible, architecture, artificial intelligence, aws, azure, bash, bitbucket, ci/cd, circleci, communication, cybersecurity, data analysis, data engineering, data pipeline, data visualization, data warehouse, devops, docker, erp, gcp, git, github, github actions, gitlab, gitlab ci, go, illustrator, java, jenkins, junit, kubernetes, linux, machine learning, node.js, perl, power bi, powershell, python, r, react, rust, scikit-learn, scipy, security, solidity, sqlite, tcp/ip, terraform, transformers, unit testing, vite, web3, webpack, websocket"
639,Full Stack Developer,"agile, ai, angular, api, cassandra, go, integration testing, oracle, r, scrum, sql"
640,Software Engineer,"ai, amazon web services, analytical, apache, apache spark, architecture, artificial intelligence, bitbucket, blockchain, c#, c++, cassandra, chai, chef, ci/cd, circleci, clean code, communication, computer vision, confluence, couchdb, crm, css, cybersecurity, cypress, data warehouse, design patterns, docker, elasticsearch, gcp, git, github actions, gitlab ci, go, google cloud, grpc, huggingface, illustrator, ionic, javascript, lua, machine learning, mercurial, microservices, mocha, natural language processing, objective-c, opencv, oracle, power bi, powershell, pytorch, r, react, react native, react.js, reactjs, rust, salesforce, scala, scikit-learn, scipy, scrum, security, sketch, spacy, statistics, system design, tcp/ip, typescript, web3, webpack, websocket"
641,Java Developer,"agile, ai, api, artificial intelligence, aws, bitbucket, ci/cd, circleci, communication, confluence, devops, docker, gitlab ci, go, google cloud, java, javascript, jenkins, jira, json, junit, kanban, microservices, ml, mongodb, oracle, postgres, postgresql, r, rest, rest api, scikit-learn, scipy, scrum, spring, spring boot, springboot, sql, tdd, xml"
642,Network Administrator,"ai, amazon web services, api, architecture, bitbucket, communication, css, cybersecurity, data pipeline, data warehouse, design patterns, dl, erp, express, git, github, github actions, gitlab, gitlab ci, go, http, https, illustrator, integration testing, javascript, junit, leadership, natural language processing, networking, neural networks, oop, power bi, powershell, r, rust, scikit-learn, scipy, security, solidity, sqlite, system design, tcp/ip, teamwork, typescript, unit testing, vite, web3, webpack, websocket"
643,Database Administrator,"ai, apache, dl, git, go, leadership, linux, lua, networking, neural networks, oracle, problem solving, r, security, sql, sql server, ssl, svn, system design, teamwork, unix"
644,Database Administrator,"ai, analytical, aws, bash, cassandra, chef, communication, dl, erp, linux, lua, networking, objective-c, r, sass, scala, scikit-learn, security, sql server"
645,Django Developer,"ajax, amazon web services, api, django, go, java, javascript, jquery, mysql, power bi, powershell, python, r, rest, rest api, solid, sql, swiftui, web3, webpack, websocket"
646,DevOps Engineer,".net, ai, amazon web services, api, azure, communication, design patterns, devops, dl, go, integration testing, networking, neural networks, power bi, powershell, r, security, system design, teamwork, web3, webpack, websocket"
647,Java Developer,"agile, amazon web services, api, apis, automation testing, aws, data warehouse, design patterns, dl, elasticsearch, go, illustrator, java, kafka, less, lua, machine learning, microservices, mongodb, natural language processing, nosql, power bi, powershell, r, react, rest, rest api, rust, spring, spring boot, sql, system design, web3, webpack, websocket"
648,Backend Developer,"angular, angularjs, architecture, aws, bitbucket, css, cybersecurity, expressjs, git, github, github actions, gitlab, gitlab ci, html, json, junit, ml, networking, next.js, nextjs, node.js, nodejs, r, react.js, reactjs, scala, scikit-learn, security, solidity, sqlite, svn, unit testing, vite, vue.js, vuejs"
649,Django Developer,"ai, amazon web services, analytical, api, apis, architecture, bitbucket, cybersecurity, data warehouse, deep learning, django, dl, express, expressjs, git, github, github actions, gitlab, gitlab ci, go, illustrator, junit, machine learning, power bi, powershell, python, r, rest, restful, rust, scala, scikit-learn, security, solid, solidity, sqlite, unit testing, vite, web3, webpack, websocket"
650,DevOps Engineer,"ai, amazon web services, apache, api, artificial intelligence, bash, chai, ci/cd, circleci, devops, dl, docker, git, github, gitlab ci, go, ios, jenkins, kubernetes, linux, microservices, mongodb, mysql, neo4j, nodejs, photoshop, postgres, postgresql, power bi, powershell, python, r, scikit-learn, scipy, security, shell, sql, ssl, tcp/ip, terraform, web3, webpack, websocket"
651,DevOps Engineer,"ai, api, aws, communication, data engineering, dl, erp, express, go, hadoop, jenkins, kafka, linux, ml, mysql, natural language processing, oop, python, r, security, shell, sql, ssl, svn, unit testing, unix, xml"
652,Java Developer,"agile, ai, amazon web services, angular, angularjs, api, architecture, automation testing, azure, bitbucket, cassandra, confluence, cybersecurity, data warehouse, design patterns, devops, docker, elasticsearch, erp, git, github, github actions, gitlab, gitlab ci, go, huggingface, illustrator, java, jenkins, jira, junit, kafka, kubernetes, microservices, mongodb, oracle, power bi, powershell, r, react, reactjs, redis, rest, restful, rust, scala, scikit-learn, security, selenium, soap, solidity, spring, spring boot, sqlite, teamwork, unit testing, vite, web3, webpack, websocket"
653,DevOps Engineer,"ai, amazon web services, automation testing, aws, data engineering, devops, dl, git, github actions, java, less, linux, microservices, ml, networking, neural networks, perl, power bi, powershell, python, r, salesforce, shell, soap, sql, system design, teamwork, unix, web3, webpack, websocket, xml"
654,Wordpress Developer,"adobe xd, airflow, ajax, amazon web services, android, api, automation testing, blockchain, bootstrap, clean code, communication, computer vision, confluence, couchdb, css, data visualization, data warehouse, devops, django, dl, docker, dynamodb, express, expressjs, git, github actions, go, golang, google cloud, hadoop, html, illustrator, integration testing, ionic, ios, java, javascript, jquery, json, kotlin, matplotlib, microservices, ml, mocha, mongodb, mysql, natural language processing, neo4j, networking, neural networks, node.js, nodejs, oauth, objective-c, oop, opencv, oracle, photoshop, php, plotly, postgres, postgresql, power bi, powershell, problem solving, python, pytorch, r, ruby on rails, salesforce, seaborn, sharepoint, soap, solid, solidity, spring boot, sql, teamwork, tensorflow, terraform, transformers, trello, web3, webpack, websocket"
655,Database Administrator,"architecture, erp, r"
656,Wordpress Developer,".net, amazon web services, apache, apache spark, architecture, asp.net, chef, communication, css, data warehouse, ethereum, go, html, illustrator, ml, mysql, next.js, node.js, php, power bi, powershell, r, react.js, rust, shell, sql, vue.js, web3, webpack, websocket"
657,Wordpress Developer,"css, go, html, java, javascript, jquery, ml, r"
658,Java Developer,"ai, amazon web services, java, power bi, powershell, r, web3, webpack, websocket"
659,Java Developer,"agile, ai, amazon web services, analytical, ci/cd, communication, confluence, data engineering, data warehouse, design patterns, dl, erp, etl, github actions, go, java, jenkins, jira, kafka, power bi, powershell, problem solving, r, rest, salesforce, scrum, soap, sql, system design, web3, webpack, websocket"
660,JavaScript Developer,"ai, java, javascript, nosql, r, react, sql"
661,Flutter Developer,"agile, ai, amazon web services, android, api, apis, architecture, bitbucket, computer vision, cybersecurity, flutter, git, github, github actions, gitlab, gitlab ci, go, ionic, ios, jenkins, junit, networking, neural networks, power bi, powershell, r, react, scala, scikit-learn, security, solidity, sqlite, teamwork, unit testing, vite, web3, webpack, websocket"
662,JavaScript Developer,"ai, amazon web services, android, angular, api, babel, clean code, communication, computer vision, css, data visualization, dl, express, git, html, ios, java, javascript, json, less, lua, mercurial, microservices, ml, natural language processing, networking, neural networks, node.js, nodejs, php, power bi, powershell, problem solving, r, react, react native, react.js, rest, restful, sass, sql server, teamwork, vite, web3, webpack, websocket"
663,Wordpress Developer,"ajax, amazon web services, api, apis, css, go, google cloud, html, java, javascript, ml, oop, php, power bi, powershell, r, web3, webpack, websocket"
664,Wordpress Developer,"ai, api, apis, css, design patterns, go, html, java, javascript, jquery, ml, php, r, rest, restful, system design"
665,Machine Learning,"ai, amazon web services, aws, data analysis, data engineering, data pipeline, data visualization, data warehouse, design patterns, erp, go, machine learning, microservices, power bi, powershell, r, rest, security, web3, webpack, websocket"
666,JavaScript Developer,"agile, ai, amazon web services, clean code, communication, dl, flask, git, go, java, javascript, jquery, networking, neural networks, power bi, powershell, python, qa, r, rust, scrum, teamwork, web3, webpack, websocket"
667,Database Administrator,"ai, communication, crm, dl, erp, go, leadership, networking, neural networks, problem solving, r, security, teamwork"
668,Java Developer,"agile, ai, amazon web services, api, apis, architecture, artificial intelligence, bitbucket, ci/cd, circleci, cybersecurity, data engineering, data warehouse, design patterns, devops, erp, git, github, github actions, gitlab, gitlab ci, go, illustrator, java, junit, k8s, kubernetes, leadership, microservices, natural language processing, networking, power bi, powershell, r, rest, restful, rust, scala, scikit-learn, scipy, security, solidity, spring, spring boot, sqlite, system design, unit testing, vite, web3, webpack, websocket"
669,iOS Developer,"ai, amazon web services, api, apis, design patterns, git, integration testing, ios, leadership, lua, mercurial, objective-c, power bi, powershell, r, rest, restful, swift, system design, web3, webpack, websocket"
670,Flutter Developer,"api, apis, flutter, r, rest, rest api, sql"
671,DevOps Engineer,".net, agile, ai, amazon web services, ansible, apache, asp.net, aws, babel, bash, chef, clean code, communication, data engineering, design patterns, devops, dl, elasticsearch, erp, firebase, jenkins, kanban, linux, mysql, next.js, node.js, perl, power bi, powershell, python, r, react.js, redis, scala, security, shell, sql, system design, vagrant, vue.js, web3, webpack, websocket"
672,Django Developer,"ai, analytical, architecture, communication, data analysis, django, erp, go, lua, mysql, node.js, python, qa, r, redis, salesforce, sql, system design"
673,Flutter Developer,"android, api, apis, dart, firebase, flutter, go, google cloud, ios, networking, neural networks, r, react, react native, rest, restful, teamwork"
674,JavaScript Developer,"agile, ai, airflow, amazon web services, analytical, android, angular, ansible, api, apis, architecture, artificial intelligence, automation testing, bitbucket, blockchain, chai, ci/cd, circleci, communication, computer vision, css, cybersecurity, data analysis, data engineering, data pipeline, data visualization, deep learning, design patterns, dl, elasticsearch, erp, fastapi, figma, firebase, git, github, github actions, gitlab, gitlab ci, go, hive, html, huggingface, illustrator, integration testing, ionic, ios, java, javascript, jenkins, jira, jquery, junit, kotlin, leadership, linux, machine learning, mariadb, matplotlib, mercurial, microservices, ml, natural language processing, networking, nginx, objective-c, power bi, powershell, problem solving, r, rails, react native, redis, rest, rest api, ruby on rails, scikit-learn, scipy, security, selenium, sharepoint, solid, solidity, spring, spring boot, sqlite, statistics, swift, swiftui, system design, tailwind, tcp/ip, typescript, unit testing, unix, vite, web3, webpack, websocket, xamarin"
675,DevOps Engineer,"ai, android, angular, ansible, automation testing, bash, docker, git, integration testing, ios, java, junit, linux, r, svn, unit testing, unix"
676,Software Engineer,"amazon web services, go, ios, microservices, perl, r, shell, sql, sql server, unix"
677,Network Administrator,"ai, amazon web services, communication, data analysis, data engineering, data pipeline, data visualization, data warehouse, golang, google cloud, javascript, leadership, less, microservices, natural language processing, networking, neural networks, r, react native, redis, scipy, security, tcp/ip, typescript"
678,Machine Learning,"ai, amazon web services, c#, clean code, communication, data analysis, data pipeline, dl, erp, go, google cloud, hadoop, http, https, java, machine learning, microservices, objective-c, oop, python, r, scikit-learn, spark, statistics, web3, webpack, websocket"
679,Flutter Developer,"android, automation testing, bitbucket, communication, dart, data analysis, data engineering, data pipeline, data visualization, data warehouse, dl, erp, firebase, flutter, git, go, google cloud, http, integration testing, ios, json, ml, networking, r, rest, swiftui, system design, unit testing, websocket, xml"
680,Django Developer,"ai, architecture, css, django, flask, go, html, java, javascript, ml, networking, neural networks, numpy, pandas, python, r, teamwork"
681,Software Engineer,".net, agile, ai, amazon web services, api, apis, architecture, automation testing, aws, c#, data pipeline, data visualization, data warehouse, design patterns, devops, erp, etl, git, go, illustrator, integration testing, ios, jenkins, linux, machine learning, microservices, mongodb, nosql, numpy, pandas, postgres, pytest, python, r, rust, scala, scikit-learn, shell, spark, sql, system design, unit testing, unix"
683,Flutter Developer,"android, firebase, flutter, go, google cloud, ios, r"
684,Software Engineer,".net, agile, ai, amazon web services, architecture, artificial intelligence, asp.net, communication, data analysis, design patterns, erp, git, gitlab, go, java, javascript, jenkins, jira, junit, next.js, node.js, nodejs, oracle, power bi, powershell, r, react.js, scala, scrum, selenium, sql, sql server, svn, system design, vagrant, vue.js, web3, webpack, websocket"
685,Network Administrator,"ai, css, data analysis, data engineering, data pipeline, data visualization, data warehouse, html, ml, oop, problem solving, r, sap"
686,Django Developer,"ai, architecture, css, django, flask, git, go, html, java, javascript, ml, oracle, python, r, scala, security"
687,Database Administrator,".net, adobe xd, agile, ai, amazon web services, ansible, apache, apache spark, architecture, artificial intelligence, asp.net, automation testing, azure, babel, bert, bitbucket, chef, circleci, clean code, communication, computer vision, confluence, cybersecurity, cypress, data engineering, data pipeline, data warehouse, deep learning, design patterns, devops, docker, elasticsearch, erp, ethereum, etl, express, expressjs, firebase, flutter, go, google cloud, hive, huggingface, integration testing, jenkins, jest, jquery, keras, kubernetes, laravel, leadership, less, lua, machine learning, mercurial, microservices, mysql, natural language processing, neo4j, networking, neural networks, next.js, nextjs, node.js, nodejs, objective-c, opencv, oracle, perl, plsql, postgres, postgresql, power bi, powershell, problem solving, puppet, pytest, r, react, react native, react.js, reactjs, redis, rest, rest api, restful, salesforce, scikit-learn, seaborn, security, selenium, sharepoint, shell, sketch, sklearn, sql, sql server, sqlite, svelte, system design, tableau, teamwork, tensorflow, terraform, transformers, trello, tsql, typescript, unit testing, vite, vue, vue.js, vuejs, web3, webpack, websocket"
688,Network Administrator,"ai, analytical, architecture, bitbucket, communication, cybersecurity, data warehouse, design patterns, erp, git, github, github actions, gitlab, gitlab ci, go, golang, junit, linux, lua, natural language processing, networking, neural networks, r, scikit-learn, security, solidity, sqlite, system design, unit testing, vite"
689,PHP Developer,"ai, ajax, amazon web services, automation testing, css, html, integration testing, java, javascript, jquery, ml, php, power bi, powershell, pytest, r, unit testing, web3, webpack, websocket"
690,Node js developer,"ai, amazon web services, api, artificial intelligence, c++, communication, css, design patterns, dl, erp, express, express.js, git, go, html, java, less, linux, ml, networking, neural networks, node.js, oop, power bi, powershell, r, rest, teamwork, typescript, web3, webpack, websocket"
691,JavaScript Developer,"analytical, angular, babel, bash, css, firebase, go, html, java, javascript, kanban, ml, qa, r, solid, terraform, transformers"
692,Network Administrator,"less, networking, neural networks, r, teamwork"
693,Database Administrator,"ai, data pipeline, erp, oracle, r, rest, security"
694,Full Stack Developer,"ai, aws, dl, firebase, go, java, networking, neural networks, problem solving, python, r, rails, ruby, teamwork"
695,JavaScript Developer,"ai, amazon web services, angular, api, architecture, aws, bootstrap, clean code, communication, data engineering, erp, express, git, go, html, http, java, javascript, leadership, less, lua, microservices, ml, natural language processing, networking, neural networks, power bi, powershell, qa, r, react, rest, scala, security, spring, ssl, swiftui, teamwork, vue, web3, webpack, websocket"
696,Network Administrator,"ai, apache, asana, dl, go, linux, networking, neural networks, oracle, r, security, sql, tcp/ip"
697,PHP Developer,"amazon web services, api, communication, css, html, java, javascript, jquery, ml, php, power bi, powershell, r, rest, rest api, web3, webpack, websocket"
698,Flutter Developer,"amazon web services, flutter, power bi, powershell, r, sap, web3, webpack, websocket"
699,Machine Learning,".net, ai, amazon web services, api, architecture, artificial intelligence, aws, azure, bitbucket, clean code, communication, cybersecurity, data warehouse, design patterns, devops, dl, docker, git, github, github actions, gitlab, gitlab ci, go, http, https, illustrator, junit, less, linux, machine learning, power bi, powershell, r, rust, scikit-learn, security, solidity, sqlite, teamwork, unit testing, vite, web3, webpack, websocket"
700,Machine Learning,"ai, amazon web services, architecture, aws, bitbucket, communication, cybersecurity, data visualization, git, github, github actions, gitlab, gitlab ci, go, junit, less, machine learning, numpy, power bi, powershell, python, r, scala, scikit-learn, scipy, security, solidity, spark, sql, sqlite, statistics, unit testing, vite, web3, webpack, websocket"
701,Full Stack Developer,".net, agile, ai, angular, angularjs, api, apis, architecture, asp.net, automation testing, azure, bitbucket, chai, communication, computer vision, confluence, couchdb, cybersecurity, data visualization, data warehouse, dl, erp, ethereum, flutter, github, github actions, go, google cloud, html, huggingface, illustrator, java, javascript, jquery, junit, kubernetes, linux, lua, mariadb, mercurial, ml, natural language processing, neural networks, next.js, node.js, numpy, nuxt, oauth, puppet, r, react.js, restful, ruby, ruby on rails, rust, scrum, security, selenium, sql, sql server, swiftui, tableau, typescript, uml, unit testing, unix, vue, vue.js, vuejs, xamarin"
702,iOS Developer,"ai, amazon web services, api, apis, architecture, aws, bitbucket, css, cybersecurity, design patterns, git, github, github actions, gitlab, gitlab ci, go, html, ios, java, javascript, junit, leadership, lua, microservices, ml, networking, nodejs, oauth, objective-c, power bi, powershell, r, rest, restful, scikit-learn, security, solid, solidity, sqlite, swift, system design, unit testing, vite, web3, webpack, websocket"
703,Database Administrator,"ai, aws, data analysis, lua, r, teamwork"
704,Wordpress Developer,"ai, amazon web services, architecture, css, dl, go, html, ml, php, power bi, powershell, r, security, web3, webpack, websocket"
705,Network Administrator,"adobe xd, agile, ai, airflow, amazon web services, analytical, android, ansible, api, apis, architecture, artificial intelligence, automation testing, bdd, bitbucket, blockchain, cassandra, chai, ci/cd, circleci, clean code, communication, computer vision, couchdb, cybersecurity, dart, data analysis, data engineering, data pipeline, data visualization, data warehouse, deep learning, design patterns, devops, django, dl, docker, dynamodb, elasticsearch, erp, fastapi, figma, firebase, git, github, github actions, gitlab, gitlab ci, golang, google cloud, hadoop, hive, huggingface, illustrator, integration testing, ionic, ios, javascript, jenkins, jira, junit, kotlin, leadership, linux, machine learning, mariadb, matplotlib, mercurial, microservices, mongodb, natural language processing, networking, nginx, node.js, nodejs, objective-c, pandas, power bi, powershell, problem solving, r, rails, react native, redis, rest, rest api, ruby on rails, rust, sap, scikit-learn, scipy, security, selenium, sharepoint, solid, solidity, spring, spring boot, sqlite, statistics, swift, swiftui, system design, tailwind, tcp/ip, tdd, typescript, unit testing, unix, vite, web3, webpack, websocket, xamarin"
706,Node js developer,"analytical, api, bootstrap, css, go, html, integration testing, java, javascript, ml, mongodb, nodejs, r, react, redis, typescript, websocket"
707,PHP Developer,"ajax, android, angular, communication, css, html, ios, java, javascript, jquery, junit, ml, mysql, php, r, sql, unit testing, unix"
708,Machine Learning,"artificial intelligence, machine learning, python, r, rest"
709,PHP Developer,"ai, ajax, amazon web services, communication, go, java, javascript, jquery, mysql, php, power bi, powershell, r, sql, web3, webpack, websocket"
710,Flutter Developer,"android, flutter, go, ios, r"
711,Flutter Developer,"agile, ai, android, api, apis, architecture, dart, design patterns, flutter, git, go, google cloud, ios, java, r, react, react native, rest, restful, security, solid, swift, swiftui"
712,Backend Developer,"api, apis, css, go, html, laravel, ml, oop, php, r"
713,Full Stack Developer,"ai, api, aws, babel, c++, css, dl, docker, express, go, graphql, html, java, javascript, json, less, machine learning, ml, node.js, python, qa, r, react, react.js, rest, scala, webpack"
714,Django Developer,"agile, amazon web services, api, architecture, bitbucket, cybersecurity, django, git, github, github actions, gitlab, gitlab ci, go, junit, power bi, powershell, python, r, rest, rust, scala, scikit-learn, security, solidity, sqlite, unit testing, vite, web3, webpack, websocket"
715,Software Engineer,"ai, amazon web services, analytical, apache, apache spark, api, apis, architecture, artificial intelligence, aws, bitbucket, blockchain, c#, c++, cassandra, chai, chef, ci/cd, circleci, clean code, communication, computer vision, confluence, couchdb, crm, css, cybersecurity, cypress, data warehouse, design patterns, dl, docker, elasticsearch, erp, gcp, git, github, github actions, gitlab, gitlab ci, go, google cloud, grpc, http, huggingface, illustrator, ionic, java, javascript, junit, leadership, linux, machine learning, mercurial, microservices, mocha, natural language processing, networking, nosql, objective-c, opencv, oracle, power bi, powershell, python, pytorch, r, react, react native, react.js, reactjs, rust, salesforce, scala, scikit-learn, scipy, scrum, security, sketch, solid, solidity, spacy, sql, sqlite, statistics, system design, tcp/ip, typescript, unit testing, unix, vite, web3, webpack, websocket"
716,JavaScript Developer,"agile, ai, amazon web services, angular, angularjs, api, apis, architecture, automation testing, aws, bitbucket, bootstrap, cassandra, communication, css, cybersecurity, deep learning, design patterns, dl, docker, dynamodb, erp, git, github, github actions, gitlab, gitlab ci, go, hadoop, hive, html, integration testing, java, javascript, jenkins, jquery, junit, kafka, kubernetes, linux, machine learning, mariadb, microservices, ml, mongodb, mysql, nosql, oop, oracle, power bi, powershell, qa, r, react, reactjs, rest, restful, scala, scikit-learn, security, soap, solidity, spark, spring, spring boot, springboot, sql, sqlite, system design, unit testing, unix, vite, vue, vuejs, web3, webpack, websocket"
717,Java Developer,"agile, ai, amazon web services, analytical, communication, design patterns, erp, express, go, java, less, machine learning, microservices, ml, power bi, powershell, r, scala, security, spring, system design, web3, webpack, websocket, xml"
718,Software Engineer,"agile, ai, amazon web services, analytical, api, architecture, artificial intelligence, automation testing, bitbucket, ci/cd, circleci, communication, css, cybersecurity, elasticsearch, git, github, github actions, gitlab, gitlab ci, go, integration testing, ios, java, junit, linux, networking, neural networks, qa, r, rest, restful, scikit-learn, scipy, security, selenium, solidity, sqlite, statistics, teamwork, unit testing, unix, vite, web3, webpack, websocket"
719,Flutter Developer,"ai, android, api, apis, dart, flutter, git, go, ios, java, kotlin, r"
720,DevOps Engineer,"ai, amazon web services, ansible, api, artificial intelligence, automation testing, aws, chef, ci/cd, circleci, clean code, data warehouse, devops, docker, git, gitlab, gitlab ci, go, golang, illustrator, ios, jenkins, kubernetes, less, linux, ml, nodejs, power bi, powershell, puppet, python, r, rust, scala, scikit-learn, scipy, security, terraform, unix, web3, webpack, websocket"
721,Full Stack Developer,"agile, ai, architecture, clean code, go, html, http, jquery, ml, mysql, php, r, ruby, sql"
722,JavaScript Developer,"css, git, go, html, java, javascript, ml, qa, r, scala"
723,Full Stack Developer,"agile, amazon web services, angular, angularjs, api, architecture, azure, communication, go, html, java, javascript, linux, lua, ml, mysql, networking, neural networks, nodejs, r, sql, sql server, system design, teamwork"
724,PHP Developer,"ai, ajax, angular, communication, css, go, html, java, javascript, jquery, laravel, ml, mysql, php, python, r, sql"
725,Django Developer,"ai, aws, azure, devops, django, flask, go, linux, python, r"
726,PHP Developer,"ai, ajax, api, css, go, html, java, javascript, laravel, linux, lua, ml, mysql, nuxt, oop, php, r, rest, rest api, solid, sql"
727,Node js developer,"ai, amazon web services, angular, api, apis, architecture, bootstrap, css, erp, go, html, java, javascript, jquery, json, microservices, ml, oop, power bi, powershell, r, react, rest, soap, web3, webpack, websocket"
728,Java Developer,"adobe xd, agile, ai, architecture, java, mercurial, objective-c, problem solving, r, rest, spring, transformers"
729,JavaScript Developer,"ai, amazon web services, analytical, angular, angularjs, architecture, communication, css, git, html, java, javascript, leadership, less, linux, ml, nodejs, power bi, powershell, r, react, reactjs, rest, restful, typescript, vue, vuejs, web3, webpack, websocket"
730,Flutter Developer,"ai, amazon web services, android, api, apis, architecture, automation testing, bitbucket, communication, cybersecurity, cypress, data warehouse, design patterns, dl, express, expressjs, flutter, git, github, github actions, gitlab, gitlab ci, go, http, illustrator, json, junit, lua, machine learning, ml, networking, neural networks, power bi, powershell, problem solving, r, rest, rust, scala, scikit-learn, security, solidity, sqlite, teamwork, unit testing, vite, web3, webpack, websocket, xml"
731,Django Developer,"ai, amazon web services, aws, django, express, expressjs, go, http, https, power bi, powershell, python, r, rest, web3, webpack, websocket"
732,Backend Developer,"ai, amazon web services, aws, css, express, go, google cloud, html, jquery, ml, mysql, networking, neural networks, php, power bi, powershell, problem solving, r, react, sass, sql, teamwork, web3, webpack, websocket"
733,Django Developer,"analytical, apache, api, apis, communication, devops, django, dl, docker, git, go, jenkins, jira, json, oauth, python, r, rest, sql, teamwork"
734,Database Administrator,"agile, ai, airflow, amazon web services, analytical, android, ansible, api, apis, architecture, artificial intelligence, automation testing, bitbucket, blockchain, chai, ci/cd, circleci, communication, computer vision, cybersecurity, data analysis, data engineering, data pipeline, data visualization, deep learning, design patterns, elasticsearch, etl, fastapi, figma, firebase, git, github, github actions, gitlab, gitlab ci, go, hive, huggingface, illustrator, integration testing, ionic, ios, java, javascript, jenkins, jira, junit, kotlin, leadership, linux, machine learning, mariadb, matplotlib, mercurial, microservices, ml, natural language processing, networking, nginx, objective-c, oracle, power bi, problem solving, r, rails, react native, redis, rest api, ruby on rails, scikit-learn, scipy, security, selenium, sharepoint, soap, solid, solidity, spring, spring boot, sqlite, statistics, swift, swiftui, system design, tailwind, tcp/ip, typescript, unit testing, unix, vite, xamarin, xml"
735,Full Stack Developer,"ai, angular, angularjs, communication, erp, git, html, java, javascript, jquery, ml, node.js, python, r, react, reactjs, ruby, scala, spring, sql"
736,Flutter Developer,"ai, amazon web services, android, api, apis, data analysis, data engineering, data pipeline, data visualization, data warehouse, design patterns, dl, flutter, go, google cloud, http, https, ios, java, json, kotlin, ml, oauth, r, rest, rest api, restful, solid, sql, swift, swiftui, xml"
737,Java Developer,"agile, ai, analytical, angular, api, automation testing, communication, design patterns, git, go, integration testing, java, junit, microservices, mysql, pytest, r, rest, restful, scrum, spring, spring boot, springboot, sql, unit testing"
738,JavaScript Developer,"angular, apache spark, go, ionic, jquery, pyspark, r, react, react native, spacy, spark"
739,Node js developer,"amazon web services, mercurial, networking, neural networks, node.js, php, power bi, powershell, r, rest, teamwork, transformers, web3, webpack, websocket"
740,Node js developer,"ai, amazon web services, architecture, bitbucket, css, cybersecurity, data analysis, data engineering, data pipeline, data visualization, data warehouse, express, git, github, github actions, gitlab, gitlab ci, go, html, java, javascript, junit, less, ml, node.js, nodejs, objective-c, oop, power bi, powershell, r, scala, scikit-learn, security, solidity, sqlite, unit testing, vite, vuejs, web3, webpack, websocket"
741,Flutter Developer,"angular, angularjs, api, apis, aws, express, express.js, expressjs, firebase, flutter, git, github, go, java, javascript, json, mysql, next.js, nextjs, node.js, nodejs, php, r, react, react native, react.js, reactjs, sql, typescript, vue.js, vuejs"
742,PHP Developer,"agile, ai, ajax, api, apis, erp, git, java, javascript, json, laravel, lua, mysql, php, r, rest, restful, sql, svn"
743,DevOps Engineer,"agile, ai, amazon web services, ansible, automation testing, bash, data warehouse, devops, docker, git, go, http, https, illustrator, integration testing, java, jenkins, junit, power bi, powershell, puppet, python, r, ruby, rust, selenium, unit testing, unix, web3, webpack, websocket"
744,DevOps Engineer,"ai, amazon web services, ansible, apache, api, apis, architecture, automation testing, aws, bash, chef, data warehouse, docker, google cloud, illustrator, jenkins, kubernetes, linux, microservices, mysql, natural language processing, networking, nginx, power bi, powershell, puppet, python, qa, r, react native, rust, solid, sql, sql server, tcp/ip, unix, web3, webpack, websocket"
745,JavaScript Developer,"bootstrap, communication, css, design patterns, express, expressjs, git, go, html, java, javascript, ml, node.js, nodejs, r, react, react.js, scala, swiftui, system design"
746,JavaScript Developer,"ajax, angular, api, apis, css, html, java, javascript, jquery, json, ml, node.js, nodejs, oop, r, rest, swiftui"
747,Database Administrator,"agile, ai, angular, angularjs, architecture, artificial intelligence, automation testing, data engineering, deep learning, design patterns, django, erp, figma, gatsby, gcp, git, github, github actions, gitlab, gitlab ci, go, golang, google cloud, gpt, graphql, grpc, http, huggingface, integration testing, javascript, less, linux, machine learning, mongodb, natural language processing, networking, nginx, oracle, postgres, postgresql, problem solving, r, security, spring, spring boot, sql, system design, typescript, unit testing, unix, vagrant"
748,Backend Developer,".net, ai, android, api, architecture, dl, go, http, java, javascript, node.js, r, sap, scala, solid, solidity"
749,PHP Developer,"ai, ajax, linux, mysql, php, r, sql"
750,Django Developer,"ai, amazon web services, angular, angularjs, architecture, bitbucket, css, cybersecurity, design patterns, django, git, github, github actions, gitlab, gitlab ci, go, html, illustrator, java, javascript, jquery, junit, ml, mongodb, networking, neural networks, power bi, powershell, r, react, scala, scikit-learn, security, solidity, sqlite, system design, teamwork, unit testing, vite, web3, webpack, websocket"
751,Java Developer,"agile, ai, api, apis, architecture, artificial intelligence, automation testing, azure, ci/cd, circleci, clean code, communication, data warehouse, design patterns, git, github, gitlab ci, illustrator, integration testing, java, networking, neural networks, pytest, r, rest, rest api, rust, scikit-learn, scipy, spring, system design, teamwork, unit testing"
752,Django Developer,"ai, angular, angularjs, architecture, automation testing, css, design patterns, django, flask, go, html, integration testing, java, javascript, json, ml, mysql, numpy, oop, postgres, pytest, python, qa, r, react, reactjs, rest, scikit-learn, soap, sql, system design, terraform, transformers, unit testing"
753,Backend Developer,"ai, amazon web services, architecture, bitbucket, communication, cybersecurity, dl, git, github, github actions, gitlab, gitlab ci, go, html, http, https, junit, ml, natural language processing, power bi, powershell, problem solving, r, rest, scikit-learn, security, solidity, sqlite, terraform, transformers, unit testing, vite, web3, webpack, websocket"
755,iOS Developer,"ai, api, apis, git, ios, mercurial, objective-c, r, svn, swift"
756,Full Stack Developer,".net, ai, amazon web services, analytical, apache, apache spark, architecture, artificial intelligence, asp.net, bitbucket, blockchain, c#, c++, cassandra, chai, chef, ci/cd, circleci, clean code, communication, computer vision, confluence, couchdb, crm, css, cybersecurity, cypress, docker, elasticsearch, gcp, git, github actions, gitlab ci, go, google cloud, grpc, html, huggingface, ionic, java, javascript, leadership, machine learning, mercurial, microservices, ml, mocha, natural language processing, objective-c, opencv, oracle, problem solving, python, pytorch, r, react, react native, react.js, reactjs, rest, salesforce, scala, scikit-learn, scipy, scrum, security, sketch, spacy, sql, sql server, statistics, tcp/ip, teamwork, typescript, webpack, websocket"
757,Wordpress Developer,"ai, amazon web services, analytical, api, css, dl, git, go, html, java, javascript, jquery, less, mercurial, ml, mysql, networking, neural networks, php, power bi, powershell, qa, r, sass, security, solid, sql, teamwork, web3, webpack, websocket"
758,Network Administrator,"ai, apache, apache spark, dl, github actions, huggingface, machine learning, networking, neural networks, oracle, r, react, react native, react.js, reactjs, spacy, sql server, system design, teamwork, webpack"
759,Node js developer,"agile, ai, amazon web services, bash, clean code, communication, css, data warehouse, git, go, html, illustrator, java, javascript, jquery, json, ml, mongodb, node.js, nodejs, power bi, powershell, problem solving, r, rest, restful, rust, scala, security, typescript, web3, webpack, websocket"
760,Machine Learning,"agile, ai, airflow, amazon web services, analytical, android, ansible, api, apis, architecture, artificial intelligence, automation testing, bitbucket, blockchain, chai, ci/cd, circleci, communication, computer vision, cybersecurity, data analysis, data engineering, data pipeline, data visualization, deep learning, design patterns, elasticsearch, fastapi, figma, firebase, git, github, github actions, gitlab, gitlab ci, go, hive, huggingface, illustrator, integration testing, ionic, ios, java, javascript, jenkins, jira, junit, kotlin, laravel, leadership, linux, machine learning, mariadb, matplotlib, mercurial, microservices, natural language processing, networking, neural networks, nginx, objective-c, power bi, problem solving, r, rails, react native, redis, rest, rest api, ruby on rails, scikit-learn, scipy, security, selenium, sharepoint, shell, solid, solidity, spring, spring boot, sqlite, statistics, swift, swiftui, system design, tailwind, tcp/ip, typescript, unit testing, unix, vite, xamarin"
761,Machine Learning,"ai, machine learning, networking, neural networks, python, r, teamwork"
762,Machine Learning,"ai, amazon web services, architecture, bitbucket, cassandra, chai, computer vision, cybersecurity, data warehouse, deep learning, git, github, github actions, gitlab, gitlab ci, go, hadoop, hive, illustrator, junit, kafka, machine learning, microservices, ml, nltk, nosql, oop, power bi, powershell, python, pytorch, r, rust, scikit-learn, scipy, security, solidity, spacy, spark, sql, sqlite, statistics, tensorflow, unit testing, vite, web3, webpack, websocket"
763,Network Administrator,".net, amazon web services, analytical, android, angular, angularjs, ansible, artificial intelligence, asana, asp.net, automation testing, blockchain, cassandra, clean code, communication, computer vision, confluence, data analysis, data engineering, data pipeline, data visualization, deep learning, design patterns, django, dynamodb, github actions, golang, huggingface, integration testing, ionic, jenkins, json, junit, kanban, kotlin, kubernetes, linux, machine learning, mongodb, natural language processing, neo4j, networking, neural networks, next.js, nextjs, nginx, nlp, nltk, node.js, nodejs, numpy, nuxt, opencv, pandas, problem solving, python, r, react native, ruby on rails, scikit-learn, seaborn, security, selenium, sharepoint, sklearn, spring, spring boot, svn, system design, tailwind, tensorflow, transformers, unit testing, unix, vagrant, xamarin"
764,Software Engineer,".net, amazon web services, analytical, angular, api, apis, azure, c#, data warehouse, design patterns, erp, go, html, http, https, illustrator, ml, oauth, oop, power bi, powershell, r, rust, sql, swiftui, unit testing, web3, webpack, websocket"
765,Django Developer,"ai, ansible, api, apis, django, git, github, go, mongodb, mysql, next.js, nextjs, nginx, postgres, postgresql, python, r, rest, restful, ruby, sql"
766,DevOps Engineer,"ai, amazon web services, analytical, ansible, apache, apache spark, architecture, artificial intelligence, bash, bitbucket, blockchain, c#, c++, cassandra, chai, chef, ci/cd, circleci, clean code, communication, computer vision, confluence, couchdb, crm, css, cybersecurity, cypress, devops, dl, docker, elasticsearch, erp, gcp, git, github, github actions, gitlab, gitlab ci, go, google cloud, grpc, huggingface, ionic, java, javascript, jenkins, junit, kubernetes, leadership, machine learning, mercurial, microservices, mocha, natural language processing, objective-c, opencv, oracle, power bi, powershell, python, pytorch, r, react, react native, react.js, reactjs, salesforce, scala, scikit-learn, scipy, scrum, security, sketch, solidity, spacy, sqlite, statistics, system design, tcp/ip, terraform, typescript, unit testing, vite, web3, webpack, websocket"
767,JavaScript Developer,"ai, ajax, amazon web services, api, automation testing, css, html, integration testing, java, javascript, jquery, json, ml, networking, neural networks, power bi, powershell, r, rest, rest api, teamwork, unit testing, web3, webpack, websocket"
768,iOS Developer,"agile, ai, amazon web services, api, architecture, artificial intelligence, ci/cd, circleci, communication, design patterns, dl, erp, gitlab ci, go, ios, leadership, less, natural language processing, power bi, powershell, r, rest, scala, scikit-learn, scipy, scrum, solid, ssl, swift, web3, webpack, websocket"
769,Database Administrator,"ai, communication, crm, data analysis, data engineering, data pipeline, data visualization, data warehouse, dl, erp, go, perl, r, salesforce, teamwork"
770,Node js developer,"ai, amazon web services, api, architecture, automation testing, devops, dl, git, integration testing, java, javascript, node.js, nodejs, php, power bi, powershell, pytest, r, scala, solid, unit testing, web3, webpack, websocket"
771,Backend Developer,"angular, angularjs, bootstrap, css, design patterns, html, ml, networking, neural networks, oop, python, r, swiftui, teamwork"
772,iOS Developer,"ai, amazon web services, api, apis, go, ios, java, javascript, json, ml, objective-c, power bi, powershell, r, rest, restful, swift, web3, webpack, websocket, xml"
773,Django Developer,"agile, ai, angular, angularjs, apache, architecture, artificial intelligence, automation testing, aws, bootstrap, cassandra, couchdb, css, data engineering, deep learning, design patterns, django, dl, dynamodb, erp, figma, flask, gatsby, gcp, git, github, github actions, gitlab, gitlab ci, go, golang, google cloud, gpt, graphql, grpc, html, http, https, huggingface, integration testing, java, jenkins, jira, linux, machine learning, mariadb, matplotlib, ml, mongodb, mysql, natural language processing, networking, nginx, numpy, oracle, pandas, php, postgres, postgresql, problem solving, python, r, rest, scipy, soap, spring, spring boot, sql, svn, system design, tcp/ip, unit testing, vagrant"
774,Node js developer,"adobe xd, agile, ajax, amazon web services, analytical, angular, angularjs, css, express, expressjs, git, html, integration testing, java, javascript, linux, microservices, ml, natural language processing, next.js, nextjs, nginx, node.js, nuxt, problem solving, r, scala, swiftui, teamwork, unix, xamarin, xml"
775,Django Developer,"architecture, css, django, flask, go, html, java, javascript, ml, python, r, scala, security"
776,Full Stack Developer,"ai, api, communication, dl, go, java, javascript, node.js, r, react, react.js"
777,Node js developer,"ajax, analytical, angular, angularjs, babel, bash, css, firebase, html, java, javascript, kanban, ml, node.js, problem solving, r"
778,Full Stack Developer,"ai, angular, angularjs, api, architecture, automation testing, azure, bitbucket, communication, computer vision, confluence, couchdb, cybersecurity, data visualization, data warehouse, elasticsearch, ethereum, flutter, git, github, github actions, google cloud, http, huggingface, illustrator, java, javascript, jquery, json, junit, kubernetes, less, linux, lua, mercurial, natural language processing, neural networks, numpy, nuxt, oauth, postgres, puppet, r, react, redis, restful, ruby, ruby on rails, rust, scala, scrum, security, selenium, swiftui, tableau, typescript, uml, unit testing, unix, vue, vue.js, vuejs"
779,Backend Developer,"aws, go, r"
780,Database Administrator,"ai, r"
781,Backend Developer,"adobe xd, agile, ai, amazon web services, asana, aws, azure, bootstrap, communication, css, dl, git, github, go, html, java, javascript, jira, jquery, laravel, ml, mongodb, mysql, nodejs, photoshop, php, power bi, powershell, r, react, rest, salesforce, sketch, sql, web3, webpack, websocket"
782,iOS Developer,"angular, api, apis, design patterns, dl, firebase, flutter, git, go, ios, json, lua, ml, r, react, reactnative, rest, restful, soap, swift, xml"
783,iOS Developer,".net, ai, amazon web services, design patterns, git, github, ios, ml, objective-c, opencv, power bi, powershell, problem solving, r, rest, svn, swift, uml, unit testing, web3, webpack, websocket"
784,Django Developer,".net, ajax, angular, angularjs, asp.net, css, django, go, html, java, javascript, ml, mysql, next.js, node.js, r, react.js, sql, vue.js"
785,iOS Developer,"agile, api, apis, architecture, go, ios, objective-c, r, scrum, swift"
786,Machine Learning,"agile, ai, amazon web services, architecture, artificial intelligence, aws, azure, bitbucket, c++, cybersecurity, data warehouse, deep learning, design patterns, dl, docker, gcp, git, github, github actions, gitlab, gitlab ci, go, illustrator, junit, keras, machine learning, ml, power bi, powershell, python, pytorch, r, rust, scikit-learn, security, solidity, sqlite, system design, tensorflow, unit testing, vite, web3, webpack, websocket"
787,iOS Developer,"agile, ai, amazon web services, api, apis, automation testing, css, design patterns, git, go, html, integration testing, ios, java, javascript, json, lua, ml, objective-c, power bi, powershell, problem solving, r, rest, restful, soap, sql, sqlite, swift, unit testing, web3, webpack, websocket, xml"
789,Wordpress Developer,"amazon web services, power bi, powershell, r, web3, webpack, websocket"
790,PHP Developer,".net, c++, communication, css, go, html, java, javascript, jquery, laravel, ml, mysql, php, python, r, sql"
791,DevOps Engineer,"ai, amazon web services, api, apis, bash, data pipeline, data warehouse, dl, erp, express, fastapi, git, go, http, https, illustrator, java, kafka, linux, lua, microservices, mysql, natural language processing, networking, neural networks, perl, power bi, powershell, puppet, python, r, rest, rest api, ruby, rust, security, sql, web3, webpack, websocket"
792,iOS Developer,"amazon web services, ios, json, ml, objective-c, power bi, powershell, r, rest, soap, swift, unit testing, web3, webpack, websocket, xml"
793,Django Developer,"ai, amazon web services, css, data analysis, data engineering, data pipeline, data visualization, data warehouse, django, git, go, html, java, javascript, ml, networking, neural networks, objective-c, power bi, powershell, python, r, scala, scikit-learn, security, teamwork, web3, webpack, websocket"
794,Machine Learning,"ai, amazon web services, artificial intelligence, azure, chai, communication, design patterns, erp, github actions, go, leadership, lua, machine learning, ml, power bi, powershell, python, r, react, react native, react.js, reactjs, statistics, system design, web3, webpack, websocket"
795,iOS Developer,"ai, amazon web services, c++, data warehouse, design patterns, go, http, illustrator, ios, json, lua, machine learning, ml, networking, power bi, powershell, r, rest, rust, solid, web3, webpack, websocket, xml"
796,Machine Learning,"ai, analytical, architecture, bert, communication, data analysis, data engineering, data pipeline, data visualization, data warehouse, deep learning, dl, go, ios, machine learning, ml, neural networks, nlp, nltk, objective-c, oracle, python, pytorch, r, scikit-learn, solid, spacy, statistics, tensorflow"
797,Network Administrator,"agile, ai, amazon web services, architecture, artificial intelligence, bitbucket, communication, cybersecurity, data warehouse, erp, express, gcp, git, github, github actions, gitlab, gitlab ci, go, illustrator, junit, leadership, less, natural language processing, networking, neural networks, power bi, powershell, problem solving, r, rest, rust, scikit-learn, security, solid, solidity, sqlite, ssl, teamwork, unit testing, vite, web3, webpack, websocket"
798,Full Stack Developer,".net, ai, angular, angularjs, api, apis, architecture, asp.net, automation testing, azure, bitbucket, blockchain, chai, communication, computer vision, confluence, couchdb, cybersecurity, data visualization, data warehouse, erp, ethereum, flutter, github, github actions, go, google cloud, hadoop, html, huggingface, illustrator, java, javascript, jquery, junit, kubernetes, linux, lua, mercurial, ml, mocha, natural language processing, neural networks, numpy, nuxt, oauth, puppet, r, restful, ruby, ruby on rails, rust, scrum, security, selenium, sharepoint, solid, sql, sql server, swiftui, tableau, teamwork, uml, unit testing, unix, vue, vue.js, vuejs"
800,iOS Developer,"ai, amazon web services, analytical, architecture, data warehouse, design patterns, dl, go, illustrator, ios, leadership, lua, nodejs, power bi, powershell, python, r, rust, scala, swift, system design, teamwork, web3, webpack, websocket"
801,Software Engineer,"ai, amazon web services, analytical, angular, angularjs, communication, css, expressjs, git, github, go, html, java, jenkins, json, ml, next.js, nextjs, node.js, nodejs, plsql, problem solving, r, react.js, reactjs, rest, sql, system design, unit testing, vue.js, vuejs"
802,Flutter Developer,"ai, amazon web services, android, api, apis, architecture, bitbucket, cybersecurity, data pipeline, flutter, git, github, github actions, gitlab, gitlab ci, ios, junit, power bi, powershell, r, rest, scikit-learn, security, solidity, sqlite, swiftui, unit testing, vite, web3, webpack, websocket"
803,Django Developer,"ai, amazon web services, communication, css, data warehouse, django, git, go, html, http, https, java, javascript, ml, mysql, power bi, powershell, python, r, solid, sql, web3, webpack, websocket"
804,Database Administrator,"ai, angular, angularjs, ansible, apache, api, apis, architecture, automation testing, aws, azure, bash, bitbucket, chef, communication, computer vision, confluence, couchdb, cybersecurity, data visualization, data warehouse, ethereum, flutter, github, github actions, go, google cloud, huggingface, illustrator, ios, jquery, junit, kubernetes, leadership, linux, lua, mercurial, mysql, natural language processing, neural networks, numpy, nuxt, oauth, oracle, php, puppet, python, r, rest, restful, ruby, ruby on rails, rust, scala, scrum, security, selenium, sql, ssl, swiftui, tableau, uml, unit testing, unix, vue, vue.js, vuejs"
805,Django Developer,"ai, communication, css, django, go, html, java, javascript, jquery, linux, lua, ml, problem solving, python, r, rest"
806,Flutter Developer,"flutter, r"
808,Django Developer,"django, go, mongodb, networking, neural networks, python, r, teamwork"
809,Django Developer,"api, apis, aws, communication, css, django, git, go, html, java, javascript, linux, ml, nginx, oop, postgres, postgresql, python, r, rest, restful, security, shell, solid, sql, unix"
810,Django Developer,"ai, ansible, devops, django, go, google cloud, integration testing, jenkins, oop, python, r, unix"
811,PHP Developer,"agile, ai, amazon web services, data warehouse, express, expressjs, go, illustrator, laravel, natural language processing, php, power bi, powershell, r, rust, scrum, tdd, web3, webpack, websocket"
812,iOS Developer,".net, ai, firebase, ios, objective-c, r, swift, swiftui"
813,Java Developer,"agile, ai, amazon web services, angular, architecture, bitbucket, cassandra, chef, cybersecurity, data warehouse, erp, git, github, github actions, gitlab, gitlab ci, go, illustrator, java, junit, leadership, ml, networking, neural networks, power bi, powershell, r, rails, rest, ruby on rails, scikit-learn, security, soap, solidity, spring, spring boot, sql, sqlite, tailwind, teamwork, unit testing, vite, web3, webpack, websocket, xml"
814,Machine Learning,"agile, ai, amazon web services, analytical, api, architecture, artificial intelligence, automation testing, aws, azure, bitbucket, ci/cd, circleci, clean code, communication, computer vision, confluence, couchdb, cybersecurity, data analysis, data engineering, data pipeline, data visualization, data warehouse, devops, dl, erp, git, github, github actions, gitlab, gitlab ci, go, illustrator, integration testing, junit, leadership, lua, machine learning, microservices, ml, natural language processing, networking, neural networks, objective-c, power bi, powershell, pytest, python, r, rust, scikit-learn, scipy, security, solidity, sqlite, teamwork, unit testing, vite, web3, webpack, websocket"
815,Software Engineer,"ai, amazon web services, api, architecture, bitbucket, cybersecurity, data warehouse, erp, git, github, github actions, gitlab, gitlab ci, go, illustrator, junit, leadership, power bi, powershell, r, rust, scala, scikit-learn, security, solidity, sqlite, unit testing, vite, web3, webpack, websocket"
816,Full Stack Developer,"ai, api, apis, architecture, aws, bootstrap, circleci, cybersecurity, git, java, javascript, jest, mocha, nodejs, objective-c, python, r, react, react native, scala, security, sql, webpack"
817,Java Developer,"ai, amazon web services, analytical, angular, bootstrap, communication, css, go, java, javascript, networking, neural networks, node.js, nodejs, power bi, powershell, problem solving, r, rest, restful, spring, teamwork, web3, webpack, websocket"
818,Backend Developer,"ajax, api, bootstrap, css, dl, go, html, java, javascript, jquery, less, ml, photoshop, r, react, reactjs, sass, scala, swiftui"
819,Software Engineer,"ai, amazon web services, angular, angular.js, angularjs, api, apis, aws, data analysis, data engineering, data pipeline, data visualization, data warehouse, express, expressjs, git, github, go, google cloud, illustrator, java, javascript, json, less, linux, ml, natural language processing, next.js, nextjs, node.js, nodejs, nuxt, power bi, powershell, problem solving, python, r, react, react.js, reactjs, rest, restful, rust, ssl, swiftui, tdd, vue, vue.js, vuejs, web3, webpack, websocket"
820,Node js developer,"communication, go, r"
821,PHP Developer,"angular, css, design patterns, git, html, java, javascript, laravel, ml, nosql, php, r, react, reactjs, security, sql, svn, vue, vuejs"
822,PHP Developer,"agile, api, apis, aws, bootstrap, communication, java, javascript, jquery, perl, php, r, scala, sql"
823,Node js developer,"ai, amazon web services, angular, aws, css, express, git, go, html, java, javascript, linux, microservices, ml, mongodb, mysql, node.js, power bi, powershell, python, r, react, reactjs, scala, security, sql, unit testing, vue, web3, webpack, websocket"
824,Software Engineer,"agile, ai, amazon web services, api, architecture, automation testing, communication, data analysis, data engineering, data pipeline, data visualization, data warehouse, dl, go, illustrator, integration testing, java, oop, power bi, powershell, pytest, r, rust, selenium, sql, sql server, unit testing, web3, webpack, websocket"
825,Software Engineer,"ai, amazon web services, data analysis, data engineering, data pipeline, data visualization, data warehouse, erp, git, go, illustrator, natural language processing, networking, neural networks, power bi, powershell, problem solving, python, r, rest, rust, security, solid, tcp/ip, teamwork, transformers, web3, webpack, websocket"
826,Software Engineer,"ai, amazon web services, api, cassandra, docker, go, java, kafka, kubernetes, microservices, mongodb, mysql, nosql, objective-c, postgres, postgresql, r, rest, restful, scala, scikit-learn, security, spring, sql"
827,PHP Developer,"ai, amazon web services, api, apis, aws, css, design patterns, git, html, java, javascript, laravel, ml, mysql, php, power bi, powershell, r, rest, restful, sql, web3, webpack, websocket"
828,Network Administrator,"ai, amazon web services, go, microservices, r, sap, security"
829,Database Administrator,"ai, r"
830,Network Administrator,"ai, amazon web services, communication, go, http, linux, networking, power bi, powershell, r, rest, salesforce, security, shell, web3, webpack, websocket"
831,Machine Learning,"ai, analytical, design patterns, dl, go, keras, machine learning, ml, mongodb, mysql, python, r, rest, spark, sql, system design"
832,Flutter Developer,"ai, amazon web services, analytical, android, api, apis, architecture, bitbucket, cassandra, communication, cybersecurity, data warehouse, dl, erp, firebase, flutter, git, github, github actions, gitlab, gitlab ci, go, graphql, illustrator, ios, junit, networking, neural networks, oop, power bi, powershell, r, rest, restful, rust, scala, scikit-learn, security, solid, solidity, sqlite, teamwork, unit testing, vite, web3, webpack, websocket"
833,Wordpress Developer,"ai, analytical, api, apis, bootstrap, css, erp, git, go, google cloud, html, http, https, java, javascript, jquery, json, ml, mysql, php, r, rest, restful, sql, svn, xml"
834,Flutter Developer,"amazon web services, android, dl, flutter, ios, power bi, powershell, r, react, web3, webpack, websocket"
835,Network Administrator,"ai, architecture, bitbucket, cybersecurity, git, github, github actions, gitlab, gitlab ci, junit, r, scikit-learn, security, solidity, sqlite, unit testing, vite"
836,JavaScript Developer,"ai, ajax, amazon web services, angular, angularjs, architecture, bitbucket, css, cybersecurity, data warehouse, design patterns, dl, erp, git, github, github actions, gitlab, gitlab ci, go, html, illustrator, java, javascript, junit, microservices, ml, r, react, reactjs, rust, sap, scala, scikit-learn, security, solidity, sqlite, swiftui, system design, unit testing, vite"
837,Database Administrator,"ai, communication, dl, r"
838,Node js developer,"ai, api, communication, css, go, html, java, javascript, json, ml, node.js, problem solving, r, react, react.js, rest, restful"
839,Django Developer,"ai, amazon web services, api, apis, aws, communication, data warehouse, django, git, github, go, html, illustrator, java, javascript, jira, ml, mongodb, mysql, objective-c, power bi, powershell, python, r, rest, restful, rust, scikit-learn, security, sql, teamwork, terraform, transformers, web3, webpack, websocket"
840,Backend Developer,".net, agile, ai, amazon web services, analytical, angular, apache, apache spark, architecture, artificial intelligence, asp.net, automation testing, bitbucket, blockchain, c#, c++, cassandra, chai, chef, ci/cd, circleci, clean code, communication, computer vision, confluence, couchdb, crm, css, cybersecurity, cypress, data analysis, data warehouse, design patterns, docker, elasticsearch, gcp, git, github, github actions, gitlab, gitlab ci, go, google cloud, grpc, html, huggingface, illustrator, integration testing, ionic, javascript, junit, machine learning, mercurial, microservices, ml, mocha, natural language processing, neural networks, node.js, nodejs, objective-c, opencv, oracle, power bi, powershell, pytorch, r, react, react native, react.js, reactjs, rest, restful, rust, salesforce, scala, scikit-learn, scipy, scrum, security, sketch, soap, solidity, spacy, sql, sql server, sqlite, statistics, system design, tcp/ip, teamwork, typescript, unit testing, vite, web3, webpack, websocket"
841,Node js developer,"ai, ajax, amazon web services, angular, communication, data warehouse, git, go, illustrator, java, javascript, jquery, mysql, networking, neural networks, node.js, nodejs, power bi, powershell, r, react, reactjs, rust, sql, teamwork, web3, webpack, websocket"
842,Machine Learning,"ai, amazon web services, analytical, apache, apache spark, aws, communication, data engineering, deep learning, dynamodb, go, hadoop, machine learning, matlab, ml, objective-c, oop, problem solving, python, pytorch, r, scikit-learn, spark, sql, statistics, tensorflow"
843,Software Engineer,"agile, amazon web services, automation testing, communication, data engineering, design patterns, ios, junit, microservices, objective-c, power bi, powershell, qa, r, rest, solid, swift, unit testing, web3, webpack, websocket"
844,Django Developer,"agile, ai, amazon web services, api, apis, aws, data warehouse, design patterns, django, git, go, http, https, illustrator, mysql, postgres, python, r, rest, restful, rust, security, solid, sql, system design"
846,iOS Developer,"ai, amazon web services, api, apis, dl, ios, json, r, rest, rest api, swift, swiftui"
847,Network Administrator,"adobe xd, ai, communication, go, hadoop, leadership, mariadb, r, sap"
848,Network Administrator,"amazon web services, data warehouse, dl, erp, ethereum, go, golang, http, https, illustrator, natural language processing, networking, neural networks, power bi, powershell, r, rust, security, web3, webpack, websocket"
849,JavaScript Developer,"amazon web services, analytical, c++, communication, css, data engineering, go, html, java, javascript, jquery, ml, nodejs, objective-c, power bi, powershell, problem solving, r, react, web3, webpack, websocket"
850,Node js developer,"java, r, spring"
851,Machine Learning,"agile, ai, amazon web services, apache, apache spark, architecture, artificial intelligence, aws, bitbucket, ci/cd, circleci, communication, cybersecurity, data analysis, data engineering, data pipeline, data visualization, data warehouse, devops, docker, erp, git, github, github actions, gitlab, gitlab ci, hadoop, illustrator, jenkins, jira, junit, kafka, keras, kubernetes, linux, machine learning, microservices, ml, natural language processing, networking, neural networks, oop, pandas, power bi, powershell, python, r, rest, rust, scikit-learn, scipy, security, solidity, spark, sqlite, teamwork, tensorflow, unit testing, vite, web3, webpack, websocket"
852,Software Engineer,"agile, ai, amazon web services, angular, api, apis, architecture, automation testing, communication, design patterns, dynamodb, erp, etl, go, integration testing, java, javascript, junit, mongodb, mysql, nodejs, nosql, postgres, postgresql, power bi, powershell, r, rest, scala, scrum, spring, sql, statistics, system design, unit testing, web3, webpack, websocket"
853,PHP Developer,".net, ai, amazon web services, analytical, automation testing, clean code, communication, css, go, html, integration testing, java, javascript, ml, php, power bi, powershell, pytest, python, r, scala, unit testing, web3, webpack, websocket"
854,Software Engineer,"agile, ai, amazon web services, architecture, bitbucket, cassandra, communication, css, cybersecurity, design patterns, dl, git, github, github actions, gitlab, gitlab ci, go, hadoop, html, ios, java, javascript, jest, junit, ml, mocha, mongodb, mysql, networking, neural networks, nosql, oop, oracle, postgres, postgresql, power bi, powershell, r, react, reactjs, scala, scikit-learn, security, solidity, sql, sql server, sqlite, system design, teamwork, uml, unit testing, vite, web3, webpack, websocket"
855,Wordpress Developer,"ai, amazon web services, architecture, bitbucket, communication, css, cybersecurity, design patterns, git, github, github actions, gitlab, gitlab ci, go, html, java, javascript, jquery, junit, ml, networking, neural networks, php, power bi, powershell, r, scikit-learn, security, solidity, sqlite, system design, teamwork, unit testing, vite, web3, webpack, websocket"
856,iOS Developer,"android, api, apis, clean code, communication, git, go, ios, java, javascript, junit, r, react, react native, rest, rest api, solid, unit testing"
857,Machine Learning,"ai, amazon web services, data analysis, data engineering, data pipeline, data visualization, data warehouse, machine learning, ml, power bi, powershell, r, statistics, web3, webpack, websocket"
858,Java Developer,"ai, amazon web services, angular, architecture, automation testing, communication, css, design patterns, django, express, git, go, html, java, javascript, jquery, microservices, ml, networking, neural networks, node.js, oauth, oop, python, r, react, scala, spring, springboot, system design, teamwork"
859,Flutter Developer,"android, firebase, flutter, go, ios, r, sap"
860,Flutter Developer,"ai, amazon web services, android, clean code, communication, firebase, flutter, ios, networking, neural networks, power bi, powershell, problem solving, r, rest, sql, teamwork, web3, webpack, websocket"
861,Software Engineer,"ai, amazon web services, architecture, data analysis, data engineering, data pipeline, data visualization, data warehouse, deep learning, design patterns, express, go, machine learning, natural language processing, power bi, powershell, r, rest, rust, system design, web3, webpack, websocket"
862,Node js developer,"angular, aws, express, express.js, go, java, javascript, json, mysql, node.js, nodejs, r, react, rest, restful, sql"
863,DevOps Engineer,"ai, ansible, architecture, artificial intelligence, bash, bitbucket, cassandra, ci/cd, circleci, clean code, communication, cybersecurity, devops, elasticsearch, git, github, github actions, gitlab, gitlab ci, go, golang, jenkins, junit, mongodb, natural language processing, python, r, scikit-learn, scipy, security, solidity, sqlite, unit testing, vite"
864,Machine Learning,"ai, amazon web services, api, apis, architecture, bitbucket, computer vision, cybersecurity, data analysis, data engineering, data pipeline, data visualization, data warehouse, deep learning, docker, git, github, github actions, gitlab, gitlab ci, go, junit, kubernetes, machine learning, ml, networking, neural networks, power bi, powershell, python, pytorch, r, rest, ruby, scikit-learn, security, solidity, sqlite, teamwork, tensorflow, unit testing, vite, web3, webpack, websocket"
866,Flutter Developer,"ai, amazon web services, android, flutter, go, ios, linux, machine learning, power bi, powershell, r, web3, webpack, websocket"
867,iOS Developer,"amazon web services, analytical, apache, apache spark, architecture, artificial intelligence, bitbucket, blockchain, c#, c++, cassandra, chai, chef, ci/cd, circleci, clean code, communication, computer vision, confluence, couchdb, crm, css, cybersecurity, cypress, docker, elasticsearch, gcp, github actions, gitlab ci, go, google cloud, grpc, huggingface, ionic, ios, javascript, machine learning, mercurial, microservices, mocha, natural language processing, networking, neural networks, objective-c, oop, opencv, oracle, problem solving, pytorch, r, react, react native, react.js, reactjs, salesforce, scala, scikit-learn, scipy, scrum, security, sketch, spacy, statistics, swift, tcp/ip, teamwork, typescript, webpack, websocket"
868,PHP Developer,"ai, api, apis, data analysis, design patterns, html, java, javascript, jquery, laravel, leadership, ml, oop, perl, php, r, system design, vue, vue.js"
869,Wordpress Developer,"ai, bootstrap, css, html, illustrator, java, javascript, jquery, ml, photoshop, r"
870,Backend Developer,"agile, ai, amazon web services, api, apis, communication, css, design patterns, dl, git, go, html, java, javascript, json, ml, power bi, powershell, problem solving, r, rails, rest, ruby, ruby on rails, scala, solid, web3, webpack, websocket"
871,Network Administrator,"ai, analytical, api, azure, cassandra, communication, design patterns, dl, erp, go, google cloud, integration testing, ml, networking, neural networks, oauth, oracle, r, salesforce, sap, scala, security, teamwork"
872,Software Engineer,"agile, ai, amazon web services, architecture, aws, communication, design patterns, devops, go, java, r, rest, scala, scrum, soap, solid, spring, web3, webpack, websocket"
873,Backend Developer,".net, agile, ai, amazon web services, analytical, apache, apache spark, api, architecture, artificial intelligence, asp.net, automation testing, bitbucket, blockchain, c#, c++, cassandra, chai, chef, ci/cd, circleci, clean code, communication, computer vision, confluence, couchdb, crm, css, cybersecurity, cypress, data warehouse, design patterns, dl, docker, elasticsearch, gcp, git, github, github actions, gitlab, gitlab ci, go, google cloud, grpc, huggingface, illustrator, integration testing, ionic, java, javascript, junit, less, machine learning, mercurial, microservices, mocha, mongodb, natural language processing, nosql, objective-c, opencv, oracle, power bi, powershell, pytest, python, pytorch, r, react, react native, react.js, reactjs, rest, restful, rust, salesforce, scala, scikit-learn, scipy, scrum, security, shell, sketch, solidity, spacy, sql, sqlite, statistics, system design, tcp/ip, typescript, unit testing, vite, web3, webpack, websocket"
875,Full Stack Developer,"agile, ai, ajax, analytical, angular, angularjs, api, architecture, automation testing, azure, bitbucket, communication, computer vision, confluence, couchdb, css, cybersecurity, data visualization, data warehouse, erp, ethereum, flutter, github, github actions, go, google cloud, html, http, huggingface, illustrator, java, javascript, jquery, junit, kubernetes, less, linux, lua, mercurial, ml, natural language processing, neural networks, numpy, nuxt, oauth, puppet, r, restful, ruby, ruby on rails, rust, sap, scrum, security, selenium, spring, swiftui, tableau, uml, unit testing, unix, vue, vue.js, vuejs"
876,DevOps Engineer,"agile, ai, amazon web services, ansible, apache, api, architecture, automation testing, aws, azure, bash, chef, communication, design patterns, devops, dl, docker, erp, gcp, git, gitlab, go, google cloud, http, ios, java, jenkins, kafka, kubernetes, linux, microservices, natural language processing, networking, nginx, nosql, perl, puppet, python, r, scala, scrum, shell, sql, svn, system design, terraform, unix, vagrant"
877,Wordpress Developer,"ai, amazon web services, apache, api, apis, communication, css, dl, erp, git, go, html, java, javascript, jquery, less, ml, mysql, networking, neural networks, nginx, php, power bi, powershell, r, react, rest, sql, svn, teamwork, vue, web3, webpack, websocket"
878,Flutter Developer,"ai, amazon web services, android, api, apis, blockchain, clean code, computer vision, dart, dl, firebase, flutter, git, github, go, google cloud, ios, mercurial, postgres, postgresql, power bi, powershell, r, rest, rest api, restful, svn, swiftui, web3, webpack, websocket"
879,DevOps Engineer,"ai, amazon web services, artificial intelligence, automation testing, chef, ci/cd, circleci, clean code, communication, confluence, devops, dl, erp, git, gitlab ci, go, integration testing, jenkins, jira, linux, networking, perl, power bi, powershell, puppet, python, qa, r, scikit-learn, scipy, shell, unit testing, unix, web3, webpack, websocket"
880,Software Engineer,"agile, ai, amazon web services, architecture, c++, communication, design patterns, dl, go, http, https, java, linux, perl, power bi, powershell, problem solving, r, system design, unix, web3, webpack, websocket"
881,Software Engineer,"css, git, go, html, java, javascript, ml, r, swiftui"
882,Software Engineer,"neural networks, r"
883,Software Engineer,"ai, amazon web services, analytical, api, architecture, azure, bitbucket, clean code, communication, cybersecurity, data warehouse, design patterns, erp, git, github, github actions, gitlab, gitlab ci, go, http, illustrator, java, javascript, json, junit, kafka, ml, networking, neural networks, nodejs, objective-c, power bi, powershell, python, r, rest, rest api, rust, scala, scikit-learn, security, solidity, sqlite, teamwork, unit testing, vite, web3, webpack, websocket"
884,Network Administrator,".net, apache, aws, azure, erp, go, less, linux, machine learning, mysql, natural language processing, php, r, react native, sql, ssl, websocket"
885,Django Developer,"clean code, communication, dl, erp, java, javascript, json, linux, networking, neural networks, node.js, python, r, teamwork, unix"
886,Django Developer,"amazon web services, django, go, power bi, powershell, python, r, web3, webpack, websocket"
887,Node js developer,"ai, android, api, apis, automation testing, git, hive, integration testing, ml, networking, neural networks, r, rest, restful, swiftui, teamwork, unit testing, xml"
888,Wordpress Developer,"amazon web services, dl, go, power bi, powershell, r, security, web3, webpack, websocket"
889,Machine Learning,"ai, c++, go, java, machine learning, ml, python, r, statistics"
890,iOS Developer,"amazon web services, api, communication, dl, erp, go, ios, ml, power bi, powershell, problem solving, r, sql, sqlite, swift, uml, web3, webpack, websocket"
891,JavaScript Developer,"ai, ajax, amazon web services, android, angular, angularjs, architecture, circleci, css, cybersecurity, data warehouse, design patterns, dl, git, go, html, illustrator, ionic, ios, java, javascript, less, mercurial, ml, objective-c, power bi, powershell, r, react, rust, security, svn, system design, web3, webpack, websocket"
892,Software Engineer,"agile, ai, amazon web services, ansible, architecture, automation testing, c++, communication, design patterns, dl, erp, git, go, google cloud, http, https, linux, matplotlib, power bi, powershell, r, redis, scala, scrum, statistics, system design, tcp/ip, teamwork, unix, web3, webpack, websocket"
893,Database Administrator,"ai, api, communication, dl, erp, linux, oracle, r, rest, security, solid, sql"
894,PHP Developer,"ai, amazon web services, angular, blockchain, chai, crm, devops, go, html, java, javascript, laravel, ml, mongodb, mysql, php, postgres, postgresql, power bi, powershell, r, react, reactjs, redis, sql, web3, webpack, websocket"
895,JavaScript Developer,"agile, ai, amazon web services, api, architecture, bitbucket, clean code, communication, css, cybersecurity, design patterns, dl, elasticsearch, git, github, github actions, gitlab, gitlab ci, html, integration testing, java, javascript, junit, leadership, ml, networking, neural networks, power bi, powershell, r, scikit-learn, security, solidity, sqlite, system design, teamwork, unit testing, vite, web3, webpack, websocket, xml"
897,Full Stack Developer,"ai, amazon web services, analytical, apache, apache spark, architecture, artificial intelligence, bitbucket, blockchain, c#, c++, cassandra, chai, chef, ci/cd, circleci, clean code, communication, computer vision, confluence, couchdb, crm, css, cybersecurity, cypress, dl, docker, elasticsearch, gcp, github actions, gitlab ci, go, google cloud, grpc, huggingface, ionic, javascript, leadership, less, lua, machine learning, mercurial, microservices, ml, mocha, natural language processing, objective-c, opencv, oracle, problem solving, python, pytorch, r, react, react native, react.js, reactjs, rest, salesforce, scala, scikit-learn, scipy, scrum, security, sketch, spacy, statistics, tcp/ip, typescript, webpack, websocket"
898,Full Stack Developer,"agile, ai, angular, angularjs, ansible, api, apis, architecture, automation testing, azure, bitbucket, circleci, clean code, communication, computer vision, confluence, couchdb, cybersecurity, data engineering, data visualization, data warehouse, deep learning, dl, ethereum, flutter, git, github, github actions, go, google cloud, html, http, huggingface, illustrator, java, javascript, jquery, junit, kubernetes, leadership, less, linux, lua, machine learning, mercurial, ml, natural language processing, neural networks, numpy, nuxt, oauth, objective-c, oracle, php, problem solving, puppet, r, react, reactjs, restful, ruby, ruby on rails, rust, salesforce, scikit-learn, scrum, security, selenium, sklearn, solid, swiftui, tableau, uml, unit testing, unix, vue, vue.js, vuejs"
899,DevOps Engineer,"agile, ai, aws, azure, bash, design patterns, dl, docker, erp, gcp, go, google cloud, kubernetes, linux, microservices, powershell, python, r, shell, sql, system design"
900,Flutter Developer,"ai, amazon web services, android, clean code, communication, firebase, flutter, ios, power bi, powershell, problem solving, r, rest, sql, web3, webpack, websocket"
901,Django Developer,"ai, aws, communication, django, go, jquery, python, r, react, scala"
902,JavaScript Developer,"ai, amazon web services, android, communication, ios, java, javascript, power bi, powershell, r, react, react native, reactjs, rest, typescript, web3, webpack, websocket"
903,Full Stack Developer,"agile, ai, angular, api, architecture, bitbucket, data analysis, dl, etl, go, java, javascript, lua, microservices, php, power bi, python, r, react, rest, rest api, ruby, scala, scrum, security, sql, tableau"
904,Full Stack Developer,"ai, api, aws, communication, dl, go, mysql, node.js, nosql, postgres, python, r, ruby, sql"
905,Backend Developer,"ai, amazon web services, architecture, c++, erp, linux, microservices, python, r, scala, solid"
906,DevOps Engineer,"agile, amazon web services, angular, architecture, artificial intelligence, automation testing, ci/cd, circleci, devops, docker, git, gitlab ci, go, google cloud, kubernetes, linux, mongodb, nodejs, r, scikit-learn, scipy, security, shell"
907,DevOps Engineer,"ai, ansible, artificial intelligence, aws, azure, chef, ci/cd, circleci, communication, devops, dl, docker, git, gitlab, gitlab ci, go, ios, jenkins, kubernetes, powershell, puppet, python, r, ruby, scikit-learn, scipy, shell, terraform"
908,Network Administrator,"dl, linux, machine learning, networking, neural networks, r, security, teamwork"
909,Django Developer,"aws, communication, django, go, java, jquery, python, r, react"
910,iOS Developer,"ai, go, ios, junit, oop, problem solving, r, swift, unit testing"
911,Django Developer,"ai, amazon web services, api, architecture, azure, bitbucket, clean code, communication, cybersecurity, data warehouse, django, erp, git, github, github actions, gitlab, gitlab ci, go, illustrator, junit, power bi, powershell, python, r, rest, rest api, rust, scikit-learn, security, solidity, sqlite, teamwork, unit testing, vite, web3, webpack, websocket"
912,Machine Learning,"ai, architecture, bitbucket, communication, cybersecurity, data analysis, data engineering, data pipeline, data visualization, data warehouse, dl, elasticsearch, git, github, github actions, gitlab, gitlab ci, go, junit, machine learning, python, r, scikit-learn, security, solidity, sql, sqlite, statistics, unit testing, vite"
914,Node js developer,"architecture, aws, bitbucket, computer vision, cybersecurity, express, git, github, github actions, gitlab, gitlab ci, go, http, integration testing, java, junit, mongodb, mysql, nginx, node.js, nodejs, r, rest, scikit-learn, security, solidity, sql, sqlite, unit testing, vite"
915,Network Administrator,"ai, amazon web services, automation testing, communication, go, integration testing, less, natural language processing, networking, power bi, powershell, pytest, r, security, unit testing, web3, webpack, websocket"
916,DevOps Engineer,"ai, amazon web services, analytical, architecture, artificial intelligence, aws, ci/cd, circleci, communication, data engineering, deep learning, devops, dl, erp, gcp, gitlab ci, go, kubernetes, linux, lua, networking, neural networks, power bi, powershell, r, rest, scala, scikit-learn, scipy, security, teamwork, terraform, web3, webpack, websocket"
917,Backend Developer,"ai, dl, git, go, laravel, mysql, php, r, sql"
918,Machine Learning,"ai, amazon web services, analytical, apache, apache spark, architecture, artificial intelligence, bitbucket, blockchain, c#, c++, cassandra, chai, chef, ci/cd, circleci, clean code, communication, computer vision, confluence, couchdb, crm, css, cybersecurity, cypress, data analysis, data engineering, data pipeline, data visualization, data warehouse, docker, elasticsearch, gcp, github actions, gitlab ci, google cloud, grpc, huggingface, ionic, javascript, linux, machine learning, mercurial, microservices, ml, mocha, natural language processing, objective-c, opencv, oracle, power bi, powershell, python, pytorch, r, react, react native, react.js, reactjs, rest, salesforce, scala, scikit-learn, scipy, scrum, security, sketch, spacy, statistics, tcp/ip, typescript, web3, webpack, websocket"
919,iOS Developer,"amazon web services, css, design patterns, html, ios, java, javascript, lua, ml, networking, neural networks, objective-c, power bi, powershell, r, react, react native, solid, system design, teamwork, web3, webpack, websocket"
920,Software Engineer,".net, agile, ai, amazon web services, analytical, angular, apache, apache spark, api, architecture, artificial intelligence, asp.net, bitbucket, blockchain, c#, c++, cassandra, chai, chef, ci/cd, circleci, clean code, communication, computer vision, confluence, couchdb, crm, css, cybersecurity, cypress, data analysis, dl, docker, elasticsearch, gcp, github actions, gitlab ci, go, google cloud, grpc, huggingface, ionic, java, javascript, jquery, json, less, machine learning, mercurial, microservices, mocha, natural language processing, objective-c, opencv, oracle, pyspark, pytorch, r, react, react native, react.js, reactjs, rest, restful, salesforce, scala, scikit-learn, scipy, scrum, security, sketch, spacy, spark, sql, sql server, statistics, tcp/ip, tsql, typescript, webpack, websocket"
921,Software Engineer,"ai, amazon web services, dl, r, web3, webpack, websocket"
922,DevOps Engineer,"ai, amazon web services, architecture, aws, azure, bitbucket, cybersecurity, data warehouse, devops, docker, git, github, github actions, gitlab, gitlab ci, go, google cloud, huggingface, illustrator, ios, jenkins, junit, kubernetes, linux, mongodb, mysql, natural language processing, nginx, power bi, powershell, r, react native, redis, rust, scikit-learn, security, solidity, sql, sqlite, unit testing, unix, vite, web3, webpack, websocket"
923,Django Developer,"ai, angular, angularjs, api, artificial intelligence, aws, clean code, css, django, expressjs, flask, git, go, html, java, javascript, jquery, json, machine learning, ml, mongodb, mysql, next.js, nextjs, node.js, nodejs, oop, oracle, postgres, postgresql, python, r, react, react.js, reactjs, rest, restful, sql, sql server, svn, vue, vue.js, vuejs"
924,Flutter Developer,"amazon web services, android, api, dart, design patterns, flutter, git, go, google cloud, ios, oop, power bi, powershell, r, swiftui, web3, webpack, websocket"
925,Wordpress Developer,".net, ai, asp.net, communication, css, data warehouse, go, html, illustrator, java, javascript, jquery, ml, next.js, node.js, nodejs, php, r, react.js, rust, vue.js"
926,Machine Learning,"ai, opencv, python, r, rest"
927,Full Stack Developer,"ai, api, architecture, css, data analysis, data visualization, go, html, java, javascript, jquery, linux, ml, mysql, php, r, sql"
928,iOS Developer,"android, kotlin, lua, r"
929,Django Developer,"ai, amazon web services, architecture, css, django, docker, flask, git, go, html, integration testing, java, javascript, microservices, ml, power bi, powershell, python, r, scala, security, web3, webpack, websocket"
930,JavaScript Developer,"ai, ajax, css, data warehouse, html, illustrator, java, javascript, jquery, ml, mysql, php, r, rust, sql"
932,Network Administrator,"ai, architecture, bitbucket, communication, cybersecurity, data pipeline, erp, git, github, github actions, gitlab, gitlab ci, golang, javascript, junit, leadership, less, natural language processing, r, react, react native, react.js, reactjs, rest, scikit-learn, scipy, security, solidity, sql server, sqlite, tcp/ip, typescript, unit testing, vite"
933,Node js developer,"ai, angular, angularjs, api, data analysis, data engineering, data pipeline, data visualization, data warehouse, express, go, java, javascript, mongodb, mysql, node.js, nodejs, nosql, objective-c, r, scikit-learn, security, sql"
934,Java Developer,"agile, ai, amazon web services, architecture, automation testing, communication, data analysis, design patterns, devops, illustrator, integration testing, java, javascript, junit, leadership, power bi, powershell, problem solving, r, rails, ruby on rails, spring, system design, tailwind, unit testing, web3, webpack, websocket"
935,PHP Developer,".net, ai, ajax, amazon web services, architecture, artificial intelligence, asp.net, automation testing, bitbucket, ci/cd, circleci, css, cybersecurity, design patterns, dl, git, github, github actions, gitlab, gitlab ci, go, html, integration testing, java, javascript, jquery, junit, laravel, ml, mysql, next.js, node.js, oop, php, pytest, r, react.js, rest, scala, scikit-learn, scipy, security, soap, solidity, sql, sqlite, system design, unit testing, vite, vue.js"
936,Flutter Developer,"ai, amazon web services, android, bootstrap, clean code, communication, css, flutter, go, google cloud, html, ios, java, javascript, jquery, ml, photoshop, power bi, powershell, r, web3, webpack, websocket"
937,Node js developer,".net, ai, asp.net, next.js, node.js, nodejs, r, react.js, vue.js"
939,JavaScript Developer,"css, go, html, java, javascript, jquery, ml, r"
940,Java Developer,".net, ai, amazon web services, android, api, c++, data warehouse, go, google cloud, illustrator, java, photoshop, power bi, powershell, r, rust, swiftui, web3, webpack, websocket"
941,Software Engineer,"agile, ai, amazon web services, analytical, architecture, aws, bitbucket, communication, cybersecurity, data analysis, data warehouse, gcp, git, github, github actions, gitlab, gitlab ci, go, google cloud, http, https, illustrator, junit, linux, natural language processing, opencv, perl, power bi, powershell, problem solving, python, r, rust, scikit-learn, security, shell, solidity, sql, sqlite, teamwork, unit testing, unix, vite, web3, webpack, websocket"
942,Django Developer,"ai, amazon web services, ansible, artificial intelligence, data warehouse, django, go, illustrator, linux, machine learning, natural language processing, power bi, powershell, python, r, rust, shell, web3, webpack, websocket"
944,Node js developer,"ai, angular, api, apis, automation testing, communication, java, javascript, junit, node.js, r, react, react.js, rest, restful, solid, tdd, unit testing, vue, vue.js, webpack"
945,Wordpress Developer,"ai, amazon web services, api, apis, architecture, bitbucket, css, cybersecurity, design patterns, git, github, github actions, gitlab, gitlab ci, go, html, java, javascript, jquery, json, junit, mercurial, ml, php, power bi, powershell, r, rest, restful, scikit-learn, security, solidity, sqlite, svn, system design, unit testing, vite, web3, webpack, websocket, xml"
946,Wordpress Developer,"amazon web services, architecture, communication, css, express, expressjs, go, html, java, javascript, jquery, ml, power bi, powershell, r, web3, webpack, websocket"
947,iOS Developer,"ai, amazon web services, api, apis, architecture, design patterns, express, expressjs, git, ios, lua, mercurial, ml, networking, neural networks, objective-c, power bi, powershell, r, rest, restful, solid, svn, swift, swiftui, system design, teamwork, web3, webpack, websocket"
948,Backend Developer,"angular, api, architecture, aws, bootstrap, css, data warehouse, dl, go, html, illustrator, java, javascript, jquery, less, ml, mysql, node.js, r, react, react native, reactjs, rust, sass, scala, sql"
949,Machine Learning,"amazon web services, api, architecture, bitbucket, clean code, communication, computer vision, confluence, couchdb, css, cybersecurity, data analysis, data engineering, data pipeline, data visualization, data warehouse, dl, etl, express, git, github, github actions, gitlab, gitlab ci, go, google cloud, http, https, illustrator, junit, keras, less, linux, machine learning, microservices, natural language processing, neural networks, objective-c, oop, power bi, powershell, python, r, rest, rust, scala, scikit-learn, security, solid, solidity, spark, sqlite, statistics, tensorflow, unit testing, vite, web3, webpack, websocket"
952,iOS Developer,"amazon web services, android, flutter, java, javascript, power bi, powershell, r, react, react native, rest, restful, web3, webpack, websocket"
953,iOS Developer,"ai, amazon web services, dl, git, ios, networking, neural networks, power bi, powershell, r, swift, teamwork, web3, webpack, websocket"
954,PHP Developer,"ai, amazon web services, api, architecture, bootstrap, css, express, expressjs, git, html, java, jquery, json, ml, mysql, php, power bi, powershell, r, rest, rest api, sql, web3, webpack, websocket"
955,Machine Learning,"agile, ai, amazon web services, analytical, apache, apache spark, api, architecture, artificial intelligence, bert, bitbucket, blockchain, c#, c++, cassandra, chai, chef, ci/cd, circleci, clean code, communication, computer vision, confluence, couchdb, crm, css, cybersecurity, cypress, data analysis, data engineering, data pipeline, data visualization, data warehouse, deep learning, design patterns, docker, elasticsearch, erp, gcp, git, github actions, gitlab ci, go, google cloud, grpc, huggingface, illustrator, ionic, java, javascript, less, machine learning, mercurial, microservices, ml, mocha, natural language processing, neural networks, nlp, nltk, objective-c, opencv, oracle, power bi, powershell, python, pytorch, r, react, react native, react.js, reactjs, rest, rest api, rust, salesforce, scala, scikit-learn, scipy, scrum, security, sketch, spacy, statistics, tcp/ip, typescript, web3, webpack, websocket"
956,Backend Developer,"amazon web services, api, architecture, clean code, data warehouse, git, go, illustrator, java, mongodb, power bi, powershell, r, rest, rest api, restful, rust, spring, web3, webpack, websocket"
957,Django Developer,"api, apis, aws, azure, communication, deep learning, devops, django, flask, git, go, less, machine learning, networking, neural networks, postgres, postgresql, pytest, python, r, rest, rest api, scala, solid, sql, tdd, terraform, transformers"
958,iOS Developer,"ai, amazon web services, api, dl, go, html, ios, java, javascript, ml, objective-c, power bi, powershell, problem solving, r, rest, swift, web3, webpack, websocket"
959,Database Administrator,"ai, communication, data warehouse, dl, erp, github actions, go, illustrator, r, rust"
960,Node js developer,"agile, ai, amazon web services, analytical, api, communication, data warehouse, design patterns, devops, express, git, go, illustrator, kafka, mongodb, mysql, nodejs, nosql, oop, power bi, powershell, r, redis, rest, rust, scala, sql, tdd, web3, webpack, websocket"
961,Backend Developer,"ai, api, apis, bdd, bootstrap, ci/cd, css, docker, graphql, html, java, jenkins, jquery, junit, kafka, kubernetes, microservices, ml, nosql, oauth, r, react, rest, rest api, security, spring, springboot, sql"
962,Full Stack Developer,"angular, angularjs, api, aws, dynamodb, elasticsearch, flask, gitlab, gitlab ci, golang, html, java, laravel, leadership, matlab, ml, natural language processing, nodejs, postgres, postgresql, r, react, rest, rust, scala"
963,Full Stack Developer,"ai, analytical, api, communication, data visualization, dl, go, lua, power bi, r, sql"
964,Wordpress Developer,"apache, apache spark, bootstrap, chef, css, dl, ethereum, go, html, illustrator, java, javascript, jquery, ml, photoshop, powershell, r, shell"
965,Network Administrator,".net, adobe xd, ai, data pipeline, design patterns, hadoop, java, javascript, laravel, leadership, less, linux, mariadb, networking, neural networks, r, rest, scipy, security, system design, tcp/ip, typescript"
966,Software Engineer,"agile, ai, amazon web services, ansible, apache, architecture, automation testing, aws, bitbucket, ci/cd, cybersecurity, design patterns, devops, docker, git, github, github actions, gitlab, gitlab ci, go, google cloud, integration testing, ios, java, javascript, jenkins, junit, kafka, microservices, ml, mysql, oracle, postgres, postgresql, power bi, powershell, r, rest, scikit-learn, security, soap, solidity, spring, sql, sql server, sqlite, uml, unit testing, vite, web3, webpack, websocket"
967,PHP Developer,"ai, api, aws, git, github, php, python, r, rest, restful, sql, unit testing"
968,iOS Developer,"ai, amazon web services, analytical, apache, apache spark, architecture, artificial intelligence, bitbucket, blockchain, c#, c++, cassandra, chai, chef, ci/cd, circleci, clean code, communication, computer vision, confluence, couchdb, crm, css, cybersecurity, cypress, docker, elasticsearch, gcp, github actions, gitlab ci, go, google cloud, grpc, huggingface, ionic, ios, javascript, machine learning, mercurial, microservices, mocha, natural language processing, objective-c, opencv, oracle, pytorch, r, react, react native, react.js, reactjs, salesforce, scala, scikit-learn, scipy, scrum, security, sketch, spacy, statistics, swift, tcp/ip, typescript, webpack, websocket"
969,Java Developer,"ajax, angular, api, apis, architecture, bootstrap, communication, css, design patterns, git, go, google cloud, hadoop, html, java, javascript, jquery, ml, oop, oracle, r, scala, soap, spring, spring boot, sql, uml, xml"
971,Network Administrator,"ai, networking, neural networks, r, sql, system design, teamwork"
972,Full Stack Developer,"ai, api, architecture, aws, azure, bitbucket, chai, communication, dl, docker, go, jira, json, r, react, react.js"
973,Software Engineer,"agile, ai, data engineering, devops, dl, git, github, go, jenkins, lua, r"
975,JavaScript Developer,"ajax, angular, angularjs, bootstrap, css, dl, go, html, java, javascript, jquery, less, ml, r, react, sass, scala"
976,JavaScript Developer,"adobe xd, ai, amazon web services, architecture, aws, azure, bash, c#, data engineering, express, git, go, google cloud, hadoop, http, java, javascript, leadership, less, mariadb, microservices, ml, natural language processing, networking, oop, power bi, powershell, r, rest, security, shell, soap, ssl, typescript, web3, webpack, websocket"
977,iOS Developer,"agile, ai, amazon web services, analytical, api, apis, architecture, bitbucket, clean code, communication, cybersecurity, design patterns, dl, git, github, github actions, gitlab, gitlab ci, go, junit, microservices, networking, neural networks, power bi, powershell, r, scala, scikit-learn, security, solidity, sqlite, swift, teamwork, unit testing, vite, web3, webpack, websocket"
978,Wordpress Developer,"ai, architecture, bitbucket, css, cybersecurity, git, github, github actions, gitlab, gitlab ci, go, html, java, javascript, junit, ml, oop, php, r, scikit-learn, security, solidity, sqlite, unit testing, vite"
979,Flutter Developer,"ai, api, apis, architecture, clean code, dart, flutter, git, github, json, oauth, r, rest, restful"
980,Network Administrator,"ai, networking, neural networks, r, teamwork"
981,Network Administrator,"ai, amazon web services, analytical, apache, apache spark, architecture, artificial intelligence, bitbucket, blockchain, c#, c++, cassandra, chai, chef, ci/cd, circleci, clean code, communication, computer vision, confluence, couchdb, crm, css, cybersecurity, cypress, docker, elasticsearch, gcp, git, github actions, gitlab ci, google cloud, grpc, huggingface, ionic, java, javascript, machine learning, mercurial, microservices, mocha, natural language processing, objective-c, opencv, oracle, power bi, powershell, problem solving, pytorch, r, react, react native, react.js, reactjs, rest, salesforce, sap, scala, scikit-learn, scipy, scrum, security, sketch, spacy, statistics, swiftui, tcp/ip, typescript, web3, webpack, websocket"
982,Java Developer,".net, agile, ai, amazon web services, analytical, apache, apache spark, api, architecture, artificial intelligence, asp.net, bitbucket, blockchain, c#, c++, cassandra, chai, chef, ci/cd, circleci, clean code, communication, computer vision, confluence, couchdb, crm, css, cybersecurity, cypress, dl, docker, elasticsearch, gcp, github actions, gitlab ci, go, google cloud, grpc, http, huggingface, ionic, javascript, jira, machine learning, mercurial, microservices, mocha, natural language processing, networking, neural networks, objective-c, opencv, oracle, pytorch, r, react, react native, react.js, reactjs, salesforce, scala, scikit-learn, scipy, scrum, security, sketch, spacy, sql, sql server, statistics, tcp/ip, teamwork, typescript, webpack, websocket"
983,Wordpress Developer,"ai, ajax, amazon web services, angular, automation testing, css, go, html, integration testing, java, javascript, jquery, ml, mysql, php, power bi, powershell, pytest, r, react, scala, security, sql, unit testing, web3, webpack, websocket, xml"
984,Software Engineer,"agile, ai, amazon web services, analytical, apache, apache spark, api, artificial intelligence, automation testing, ci/cd, circleci, communication, data analysis, data warehouse, design patterns, dl, erp, git, gitlab ci, go, google cloud, illustrator, leadership, power bi, powershell, r, react, rest, rust, salesforce, scikit-learn, scipy, system design, vite, web3, webpack, websocket"
985,Software Engineer,"c++, dl, go, java, networking, neural networks, r, teamwork"
986,Backend Developer,"ai, amazon web services, api, apis, automation testing, communication, css, git, go, html, integration testing, java, javascript, junit, less, ml, mysql, node.js, php, power bi, powershell, r, rest, restful, sass, sql, unit testing, vue, web3, webpack, websocket"
987,DevOps Engineer,"agile, ai, ansible, apache, artificial intelligence, aws, ci/cd, circleci, gitlab ci, go, linux, networking, nosql, perl, python, r, ruby, scikit-learn, scipy, security, sql, terraform, unix"
988,Machine Learning,"ai, amazon web services, data warehouse, git, github, illustrator, machine learning, power bi, powershell, r, rust, web3, webpack, websocket"
989,Node js developer,"agile, ajax, angular, api, apis, aws, clean code, css, docker, express, go, graphql, html, java, javascript, jquery, linux, microservices, ml, mongodb, mysql, nosql, r, redis, rest, restful, scala, scrum, security, sql"
990,PHP Developer,"ajax, amazon web services, architecture, css, design patterns, go, html, java, javascript, laravel, linux, ml, mysql, networking, neural networks, oop, php, power bi, powershell, r, sql, system design, teamwork, web3, webpack, websocket"
991,Node js developer,"angularjs, api, apis, clean code, expressjs, git, java, javascript, json, microservices, next.js, nextjs, node.js, nodejs, r, react, react.js, reactjs, rest, rest api, restful, swiftui, typescript, vue.js, vuejs, websocket"
992,DevOps Engineer,"ai, amazon web services, artificial intelligence, automation testing, aws, ci/cd, deep learning, devops, erp, gcp, git, go, jenkins, jira, kubernetes, leadership, machine learning, networking, neural networks, node.js, power bi, powershell, python, qa, r, ruby, security, spark, teamwork, web3, webpack, websocket"
993,DevOps Engineer,"agile, ai, amazon web services, ansible, architecture, artificial intelligence, automation testing, aws, bash, chef, ci/cd, circleci, computer vision, devops, docker, gcp, gitlab ci, go, google cloud, integration testing, java, jenkins, linux, networking, neural networks, power bi, powershell, puppet, python, r, rest, ruby, scikit-learn, scipy, shell, system design, unit testing, web3, webpack, websocket"
994,Django Developer,"agile, ai, amazon web services, api, aws, bdd, clean code, communication, design patterns, devops, django, dl, elasticsearch, erp, go, java, javascript, junit, machine learning, oop, power bi, powershell, r, react, reactjs, scala, seaborn, tdd, unit testing, web3, webpack, websocket"
995,Backend Developer,".net, agile, ai, airflow, amazon web services, analytical, android, ansible, api, apis, architecture, artificial intelligence, automation testing, azure, bitbucket, blockchain, bootstrap, c#, chai, ci/cd, circleci, communication, computer vision, css, cybersecurity, data analysis, data engineering, data pipeline, data visualization, data warehouse, deep learning, design patterns, devops, elasticsearch, erp, fastapi, figma, firebase, git, github, github actions, gitlab, gitlab ci, go, hive, html, huggingface, illustrator, integration testing, ionic, ios, javascript, jenkins, jira, junit, kotlin, leadership, linux, machine learning, mariadb, matplotlib, mercurial, microservices, ml, natural language processing, networking, neural networks, nginx, objective-c, oop, power bi, powershell, problem solving, r, rails, react native, redis, rest api, ruby on rails, rust, scikit-learn, scipy, security, selenium, sharepoint, solid, solidity, spring, spring boot, sql, sql server, sqlite, statistics, swift, swiftui, system design, tailwind, tcp/ip, teamwork, typescript, unit testing, unix, vite, web3, webpack, websocket, xamarin, xml"
996,Full Stack Developer,"ai, amazon web services, angular, angularjs, api, apis, architecture, automation testing, azure, bitbucket, communication, computer vision, confluence, couchdb, cybersecurity, data visualization, data warehouse, ethereum, express, flutter, git, github, github actions, google cloud, huggingface, illustrator, ios, jquery, junit, kubernetes, less, linux, lua, mercurial, microservices, natural language processing, neural networks, numpy, nuxt, oauth, objective-c, puppet, r, restful, ruby, ruby on rails, rust, scrum, security, selenium, solid, swift, swiftui, tableau, uml, unit testing, unix, vue, vue.js, vuejs"
997,PHP Developer,"ai, amazon web services, data analysis, data engineering, data pipeline, data visualization, data warehouse, go, php, power bi, powershell, r, web3, webpack, websocket"
998,Django Developer,"amazon web services, angular, aws, css, devops, django, elasticsearch, git, github, go, lua, mysql, power bi, powershell, python, r, react, reactjs, rest, sql, statistics, web3, webpack, websocket"
999,Software Engineer,"analytical, clean code, communication, design patterns, go, natural language processing, networking, neural networks, problem solving, r, system design"
1000,Full Stack Developer,"agile, ai, angular, apache, cassandra, css, erp, gcp, go, google cloud, html, http, java, javascript, json, leadership, linux, ml, node.js, nodejs, nosql, oracle, perl, python, r, react, rest, ruby, scala, security, shell, spring, sql, xml"
1001,iOS Developer,"api, apis, architecture, design patterns, ios, lua, networking, neural networks, objective-c, r, solid, system design, teamwork"
1002,Node js developer,"angular, aws, dynamodb, express, expressjs, go, java, javascript, less, mongodb, mysql, r, react, reactjs, sql, sql server"
1003,Flutter Developer,"android, design patterns, flutter, go, google cloud, ios, lua, r, scala"
1004,PHP Developer,"ajax, apache, api, apis, architecture, clean code, communication, css, design patterns, dl, erp, go, google cloud, html, java, javascript, jquery, linux, ml, mysql, nextjs, oauth, oop, php, r, sql, terraform, transformers, xml"
1005,Database Administrator,"analytical, architecture, communication, data warehouse, dl, go, objective-c, oracle, problem solving, r, scikit-learn, sql"
1006,Backend Developer,"ai, amazon web services, api, automation testing, dl, git, go, java, mongodb, mysql, postgres, postgresql, power bi, powershell, r, rust, spring, spring boot, sql, web3, webpack, websocket"
1007,JavaScript Developer,"ai, ajax, amazon web services, angular, angularjs, babel, clean code, css, design patterns, git, go, html, java, javascript, jquery, json, ml, power bi, powershell, problem solving, r, react, react native, rest, swiftui, system design, web3, webpack, websocket, xml"
1008,Network Administrator,"ai, amazon web services, architecture, bitbucket, communication, cybersecurity, data pipeline, data warehouse, git, github, github actions, gitlab, gitlab ci, go, golang, http, https, illustrator, javascript, junit, leadership, less, linux, microservices, natural language processing, networking, objective-c, oop, oracle, power bi, powershell, python, r, rust, scikit-learn, scipy, security, solidity, sqlite, ssl, tcp/ip, typescript, unit testing, vite, web3, webpack, websocket"
1009,iOS Developer,"android, api, dl, git, go, ios, objective-c, r"
1010,Java Developer,"analytical, api, apis, communication, go, java, r, rest, restful, solid, spring, spring boot"
1011,Backend Developer,"agile, ai, amazon web services, api, apis, css, django, dl, git, github, go, html, java, javascript, mercurial, ml, mysql, power bi, powershell, r, rails, react, rest, restful, ruby, ruby on rails, scrum, sql, svn, terraform, transformers, web3, webpack, websocket"
1012,JavaScript Developer,"ai, angularjs, automation testing, expressjs, go, integration testing, java, javascript, json, networking, neural networks, next.js, nextjs, node.js, nodejs, pytest, r, react, react.js, reactjs, rest, solid, teamwork, unit testing, vue.js, vuejs"
1013,JavaScript Developer,"agile, ai, amazon web services, angular, api, architecture, bitbucket, clean code, communication, computer vision, confluence, couchdb, css, cybersecurity, data warehouse, dl, git, github, github actions, gitlab, gitlab ci, go, html, illustrator, java, javascript, junit, linux, lua, ml, nodejs, nosql, nuxt, objective-c, php, power bi, powershell, r, react, reactjs, rust, scikit-learn, security, solidity, sql, sqlite, swiftui, unit testing, vite, vue, web3, webpack, websocket"
1014,Software Engineer,"agile, etl, go, jenkins, r, unix"
1015,Database Administrator,"ai, amazon web services, analytical, angular, angularjs, architecture, automation testing, azure, bitbucket, communication, computer vision, confluence, couchdb, cybersecurity, data analysis, data engineering, data pipeline, data visualization, data warehouse, dl, erp, ethereum, flutter, github, github actions, go, google cloud, huggingface, illustrator, jquery, junit, kubernetes, linux, lua, mercurial, natural language processing, neural networks, numpy, nuxt, oauth, power bi, powershell, puppet, r, rest, restful, ruby, ruby on rails, rust, scala, scrum, security, selenium, swiftui, system design, tableau, teamwork, uml, unit testing, unix, vue, vue.js, vuejs, web3, webpack, websocket"
1016,Full Stack Developer,"ai, ajax, angular, api, apis, django, go, ionic, python, r, rest, rest api, scala"
1017,Backend Developer,"amazon web services, communication, css, erp, go, java, ml, postgres, postgresql, python, r, sql, web3, webpack, websocket, xml"
1019,Django Developer,"ai, amazon web services, analytical, apache, apache spark, architecture, artificial intelligence, bitbucket, blockchain, c#, c++, cassandra, chai, chef, ci/cd, circleci, clean code, communication, computer vision, confluence, couchdb, crm, css, cybersecurity, cypress, data warehouse, django, docker, elasticsearch, flask, gcp, github actions, gitlab ci, go, google cloud, grpc, html, huggingface, illustrator, ionic, java, javascript, machine learning, mercurial, microservices, ml, mocha, natural language processing, objective-c, opencv, oracle, php, power bi, powershell, python, pytorch, r, react, react native, react.js, reactjs, rust, salesforce, scala, scikit-learn, scipy, scrum, security, sketch, spacy, statistics, tcp/ip, terraform, transformers, typescript, web3, webpack, websocket"
1020,Machine Learning,"ai, architecture, communication, data visualization, deep learning, dl, go, integration testing, ml, neural networks, nosql, python, pytorch, r, solid, sql, statistics, tensorflow"
1021,JavaScript Developer,"agile, ai, airflow, amazon web services, analytical, android, angular, ansible, api, apis, architecture, artificial intelligence, automation testing, bitbucket, blockchain, chai, ci/cd, circleci, communication, computer vision, css, cybersecurity, data analysis, data engineering, data pipeline, data visualization, deep learning, design patterns, dl, elasticsearch, erp, fastapi, figma, firebase, git, github, github actions, gitlab, gitlab ci, go, hive, html, huggingface, illustrator, integration testing, ionic, ios, java, javascript, jenkins, jira, jquery, junit, kotlin, leadership, linux, machine learning, mariadb, matplotlib, mercurial, microservices, ml, natural language processing, networking, nginx, objective-c, power bi, powershell, problem solving, r, rails, react native, redis, rest, rest api, ruby on rails, scikit-learn, scipy, security, selenium, sharepoint, solid, solidity, spring, spring boot, sqlite, statistics, swift, swiftui, system design, tailwind, tcp/ip, typescript, unit testing, unix, vite, web3, webpack, websocket, xamarin"
1022,Django Developer,"ai, amazon web services, api, automation testing, django, docker, git, go, integration testing, mysql, power bi, powershell, pytest, python, r, react, react native, sql, unit testing, web3, webpack, websocket"
1023,Machine Learning,"adobe xd, agile, ai, airflow, amazon web services, analytical, android, api, architecture, automation testing, aws, azure, bash, blockchain, bootstrap, clean code, communication, computer vision, confluence, couchdb, data analysis, data engineering, data pipeline, data visualization, data warehouse, devops, django, docker, dynamodb, git, github actions, go, golang, google cloud, hadoop, html, illustrator, integration testing, ionic, ios, json, kotlin, lua, machine learning, matlab, matplotlib, microservices, ml, mocha, mongodb, natural language processing, neo4j, networking, neural networks, node.js, nodejs, numpy, oauth, objective-c, oop, opencv, oracle, pandas, photoshop, plotly, postgres, postgresql, power bi, powershell, problem solving, pyspark, python, pytorch, qa, r, rest, ruby on rails, salesforce, seaborn, sharepoint, soap, solid, solidity, spark, spring boot, sql, teamwork, tensorflow, terraform, transformers, trello, unit testing, web3, webpack, websocket"
1024,Wordpress Developer,"amazon web services, api, apis, css, dl, go, html, java, javascript, jquery, json, ml, networking, php, power bi, powershell, r, rest, rest api, web3, webpack, websocket, xml"
1025,Database Administrator,"ai, analytical, data analysis, data engineering, data pipeline, data visualization, data warehouse, dl, etl, go, problem solving, r, rest, security, sql, sql server"
1026,Java Developer,"ai, amazon web services, architecture, artificial intelligence, bitbucket, c++, chai, ci/cd, circleci, communication, cybersecurity, data pipeline, data warehouse, devops, dynamodb, elasticsearch, git, github, github actions, gitlab, gitlab ci, go, illustrator, java, javascript, junit, kafka, kubernetes, leadership, less, machine learning, mongodb, networking, power bi, powershell, python, r, rest, rust, scikit-learn, scipy, security, solidity, sqlite, tcp/ip, typescript, unit testing, vite, web3, webpack, websocket"
1027,Network Administrator,"ai, amazon web services, apache, apache spark, automation testing, chai, communication, data warehouse, git, google cloud, http, https, illustrator, integration testing, linux, natural language processing, networking, perl, power bi, powershell, puppet, r, rust, scala, security, spacy, ssl, tcp/ip, teamwork, web3, webpack, websocket"
1028,Wordpress Developer,"css, html, java, javascript, jquery, ml, mysql, r, security, sql"
1029,Django Developer,".net, adobe xd, agile, ai, amazon web services, angular, ansible, apache, apache spark, architecture, artificial intelligence, asp.net, automation testing, azure, babel, bert, bitbucket, chef, circleci, clean code, communication, computer vision, confluence, crm, cybersecurity, cypress, data engineering, data pipeline, data warehouse, deep learning, design patterns, devops, django, docker, dynamodb, elasticsearch, erp, ethereum, etl, express, expressjs, figma, firebase, flutter, go, google cloud, hive, html, huggingface, integration testing, java, javascript, jenkins, jest, jquery, keras, kubernetes, laravel, leadership, less, machine learning, mariadb, matlab, matplotlib, mercurial, microservices, ml, mocha, mongodb, mysql, natural language processing, neo4j, networking, neural networks, next.js, nextjs, node.js, nodejs, numpy, objective-c, opencv, oracle, perl, postgres, postgresql, power bi, powershell, problem solving, puppet, pytest, python, r, react, react native, react.js, reactjs, redis, rest, rest api, restful, salesforce, scikit-learn, scrum, seaborn, security, selenium, sharepoint, shell, sketch, sklearn, sql, sql server, sqlite, svelte, system design, tableau, teamwork, tensorflow, terraform, transformers, trello, typescript, uml, unit testing, vagrant, vite, vue, vue.js, vuejs, web3, webpack, websocket, xamarin, xml"
1030,DevOps Engineer,"ai, ansible, architecture, automation testing, aws, azure, bitbucket, chef, cybersecurity, design patterns, devops, git, github, github actions, gitlab, gitlab ci, go, golang, google cloud, junit, linux, ml, natural language processing, networking, neural networks, r, scala, scikit-learn, security, shell, solidity, sqlite, system design, tcp/ip, teamwork, unit testing, vite"
1031,JavaScript Developer,"agile, amazon web services, architecture, c++, css, html, java, javascript, matlab, ml, power bi, powershell, r, web3, webpack, websocket"
1032,iOS Developer,"agile, ai, api, apis, architecture, c++, design patterns, erp, express, expressjs, ios, networking, objective-c, r, rest, security, swift, swiftui, system design, unit testing"
1033,Django Developer,"aws, bootstrap, django, docker, go, python, r, websocket"
1034,Java Developer,"ai, api, architecture, c++, dl, express, expressjs, java, networking, neural networks, r, rest, rest api, sap, teamwork"
1035,Django Developer,"ai, amazon web services, angular, angularjs, apache, architecture, bitbucket, cybersecurity, design patterns, django, git, github, github actions, gitlab, gitlab ci, go, jquery, junit, linux, machine learning, mysql, nlp, oracle, postgres, postgresql, power bi, powershell, python, r, scikit-learn, security, solid, solidity, sql, sqlite, terraform, transformers, unit testing, vite, web3, webpack, websocket"
